,FastHours,age,alcw,weight,height,waist,neck,BMI,bsa,sbp,dbp,abi,HbA1c,FPG,HbA1cIFCC,ldl,hdl,trigs,totchol,LEPTIN,HSCRP,ENDOTHELIN,ALDOSTERONE,cystatinC,sCort,adiponectin,SCrCC,SCrIDMS,eGFRmdrd,eGFRckdepi,maneuvers,FVC,FEV1,FEV6,FEV1PP,FVCPP,EF,ecgHR,QRS,QT,QTcFram,QTcBaz,QTcHod,QTcFrid,CV,dailyDiscr,lifetimeDiscrm,perceivedStress,vitaminD3,FakeCensusTractID,nbmedHHincome,nbpctpoverty,nbpctBlackNH,nbpctWhiteNH,nbSESpc2score,nbSESanascore,nbProblems,nbCohesion,nbViolence,nbK3FavorFoodstore,nbK3paFacilities,nbPopDensity1mi,sportIndex,hyIndex,activeIndex,years,days
FastHours,1.0,0.008816381720047676,-0.014349966586430018,-0.036695961512873354,-0.035998779808700254,-0.05101302449731661,-0.04431689399021264,-0.021492905399955835,-0.04295492964215609,-0.0012904813473793514,0.017756596096769703,-0.003185260912989587,-0.18753443091169394,-0.05876756202961781,-0.18753843334438483,0.03307016558733865,0.03752961844354556,-0.04960691307623828,0.028939791057388135,0.011415120454971504,0.02692554119168826,0.0331567806615588,-0.0031799028483050504,0.010813444739677274,-0.025811857031986872,-0.013067951577113813,0.010551293047567096,0.011055854547962476,-0.03979208347401064,-0.0340450276219734,-0.005098109636716281,0.0077199330670085844,-0.0015106900361285041,0.008707066856072537,0.04600987736463628,0.0577853052649257,0.03594104519088258,-0.04991597163764084,0.0027561507917597057,0.04580210125417343,0.023223464801827104,0.0019773227167594913,0.023341912599316766,0.023632364671316186,-0.035994700972398194,-0.011639305489796222,0.017989475900023037,-0.021772478826659118,-0.012305377699755668,-0.00474646908904944,0.025338102629140036,-0.02640636881657721,0.007175623474035974,-0.008246193146982944,0.0011561970812456414,0.0091759707453006,0.010691174351949044,-0.006387538603652867,0.01254775306844442,-0.03340921508596467,-0.031643590649118786,-0.005921683655407097,0.028262161748134906,0.02463479760376281,0.04832630610472643,0.05965213099104541,0.05965213098988801
age,0.008816381720047676,1.0,-0.09255970081761636,-0.1252286089227784,-0.09949594427139453,0.04632046696461186,-0.026400134856636042,-0.07867658197812671,-0.13133181460491303,0.33232975211039606,-0.1195594900368938,-0.0725094627465695,0.19999350463528187,0.20800631012038046,0.1999941639030305,0.05880085359601858,0.13836819677469775,0.13356020598802903,0.1464795024721397,-0.00014959028451686776,-0.0015691682649580823,0.14634656377433636,0.030852166984283228,0.3845974088728822,0.12858073801974682,0.13602796516247403,0.11708867314313752,0.11783938994694698,-0.4003017061299942,-0.5430905206488205,-0.009168942958306524,-0.36150410771581526,-0.433951543454247,-0.3852810365475778,0.012488125576220485,-0.013815235535775742,0.11539323371561702,-0.0745224362112151,0.14512333493908772,0.2162182143852674,0.19710458748751167,0.15058570039564323,0.22905859814049984,0.2092678039423484,0.13407149799736223,-0.2025090603663781,-0.08508673953913516,-0.29867745148949215,0.15604377065483355,0.06917824283361511,-0.15639186219169643,0.18195023934209575,0.24538949678634422,-0.24549167918265624,0.10065755901314566,-0.16657807152678056,0.16076160239536677,0.000274100816002501,0.14021499858160272,0.18704696550340358,0.030931603790921462,0.18231238748672043,-0.11111279741654158,-0.14698183290559239,-0.11146257810216469,0.037469617889274776,0.03746961788712804
alcw,-0.014349966586430018,-0.09255970081761636,1.0,-0.045531835026096416,0.18435920213412468,-0.06326265572156489,0.07713786218443676,-0.1329606664941373,0.02326274803076827,0.03439770594279319,0.09376968394584687,-0.018707461576481267,-0.050965778421284934,-0.028289587753034848,-0.050969020448327865,-0.03344850819500633,0.02493739426853898,0.06394452047028583,-0.0006143992826182003,-0.18493509009135328,-0.0226157173231652,0.0702227464713148,0.020651989127188145,-0.04276843703623601,0.1795337585621241,-0.024787208108238527,0.061461266651249714,0.06112417689964816,0.11183873846437566,0.08821067079057134,-0.02858279440901069,0.1920043955361678,0.1764275544042323,0.19374513617234784,-0.037381295130033944,-0.016262169628020504,-0.03637743394661412,-0.0038103354121311046,0.03097358080389791,-0.04733934159131938,-0.06925420876682613,-0.06273188112473302,-0.0656851847868487,-0.06823797150473726,0.04292442126252426,0.07461466710936993,0.01617260891618387,0.0501953721396595,0.031863580325858155,0.015436764707007129,-0.030429100150085528,0.032982797602456704,0.03287575564860929,-0.0323459461621245,0.01830643624713312,-0.028781817270745105,0.03515896765759825,-0.0453279719353843,0.04036473101312543,0.04626321512932541,0.020825729317218756,0.03645561663769611,0.019180497121972277,-0.0018406627169780605,-0.01752382020286185,-0.011086299279071447,-0.011086299282703828
weight,-0.036695961512873354,-0.1252286089227784,-0.045531835026096416,1.0,0.32688849122315505,0.8370031204547292,0.6411242990985914,0.8742726876025951,0.9359547106921063,0.08850718423015388,0.15224814022700867,0.19216475975852002,0.18527619397568404,0.12957983762347694,0.18527224361923994,0.019596471517299117,-0.25520756590899557,0.11315812354120393,-0.042319746201896886,0.4072288293238629,0.258860521306847,0.0684282586131355,0.07705779106235441,0.17485526241694635,-0.11500673978017294,-0.2328873506976084,0.10942121695544679,0.10915928452712728,-0.0018737515960272648,0.00019532983163673566,-0.04057332178370965,0.11165276243304402,0.14168148346978132,0.11739371999749362,-0.19093201689789097,-0.23532210853689892,-0.059542828682587756,0.13158837883353142,0.18188628523247483,-0.030579968618333238,0.08161024657059097,0.12336493878679392,0.05892168348365602,0.07845931448247659,0.09825470928597681,0.07252001652338731,0.060898726886720045,0.038712979219903146,-0.12227810868984526,0.023384874369179416,-0.016018648822062095,0.010558950516227563,-0.038508358052156334,0.039016991519310484,0.0032771027959450465,-0.00870678450963524,0.018477995741264002,-0.046462978637590815,0.018799249909843434,-0.012444037991632403,-0.007941833054444828,-0.01453837537861171,-0.03971510296088482,-0.029843818954101202,-0.060772419261535884,-0.05053864476523231,-0.05053864476050746
height,-0.035998779808700254,-0.09949594427139453,0.18435920213412468,0.32688849122315505,1.0,0.12316686615172495,0.4916488897552519,-0.16015762904392924,0.630067225183938,0.02042655861042298,0.20098024525348618,0.10547971269344522,-0.009871807747387442,0.0033689637584295674,-0.009874484379036704,0.012404202826269578,-0.2555704847063033,0.04589905604749929,-0.06829356607013048,-0.40264608575482574,-0.18027421538559374,0.01756463033630551,0.04066864619069352,-0.014198360888206365,0.1425010876616135,-0.20648542123018349,0.41059173559974843,0.4101161080368649,0.01586695231811871,-0.05564481589803608,-0.02551640120434481,0.6840885422926253,0.6472401604895461,0.6882672018883867,-0.16953697564880715,-0.14666574616237535,-0.1564483514601294,-0.1147847550264168,0.20988892048285096,-0.06012606701236445,-0.20586514273750453,-0.22376645606136722,-0.1678754485303618,-0.1969185391366853,0.12727310674494882,0.09014014859815714,0.1157349234217634,-0.04330603920795744,0.09451708660578068,-0.048684147254675875,0.11711852413757745,-0.10000829372031304,-0.05722073252065103,0.05887507665653652,-0.09501569833989588,0.1154557964405099,-0.07116035188796763,0.03773701457426076,-0.06740186320304849,-0.08691447886392181,-0.03943261600273007,-0.07243191523845226,0.06527659336154687,0.0044902944021765236,0.05371577382608864,-0.07440859705832839,-0.0744085970600343
waist,-0.05101302449731661,0.04632046696461186,-0.06326265572156489,0.8370031204547292,0.12316686615172495,1.0,0.5690922819521314,0.8149772088626175,0.7375502524863371,0.13049129995051334,0.09539609135425627,0.15989239269452687,0.258787156584696,0.18943106434438525,0.2587843667415592,0.04030479103964276,-0.22063988966130688,0.17844790457071244,0.009375264344837528,0.46333922537864014,0.27891198881912377,0.10803307618315189,0.09886762747993559,0.2518275902389572,-0.08451738399990039,-0.2400888531293807,0.042639289740105765,0.0425534028009628,-0.02768934506345906,-0.047606953163065666,-0.03376285482373862,-0.096895821971369,-0.07011786830317071,-0.09437855329276044,-0.20201049607896596,-0.2602866183317156,-0.006164952499242309,0.17565381985859307,0.15509152050556782,-0.011043378559736786,0.1503275545368981,0.20051252550608634,0.1185283259388336,0.14497316061973786,0.09751667238224287,0.01698227581224214,0.02236743277893597,0.007628059099342563,-0.12062119129481774,0.059516569137355375,-0.08714808704253166,0.08503100157168435,0.03491275283333922,-0.0352748868108574,0.060326262907419985,-0.08942577807307862,0.08680336645388817,-0.07361748004870347,0.07845188886912846,0.0565186530582778,0.01739232892994854,0.04114024611664795,-0.11347241381501627,-0.03660871585651245,-0.1107559550839209,-0.020850620066349506,-0.020850620060730986
neck,-0.04431689399021264,-0.026400134856636042,0.07713786218443676,0.6411242990985914,0.4916488897552519,0.5690922819521314,1.0,0.4221894017399215,0.7140010397877145,0.14640658679101737,0.20597810339588518,0.18941304515732557,0.2073941867454179,0.18343335165556598,0.20739289596620078,0.0620581955608534,-0.40151634431178573,0.24292809382116806,-0.018689142323639753,-0.0605254125282537,0.045297004425703426,0.09125741698705613,0.1567044634295794,0.16446744302981808,0.0924533258286929,-0.3731583878108276,0.36457348484032626,0.3641690101539895,-0.024618833073969955,-0.09803766087719264,-0.0490591378112722,0.3012841862426739,0.3066820295958951,0.3068503303960269,-0.19826934760451428,-0.23325449995995634,-0.07082858417009459,0.07349255513463886,0.22970624937179995,-0.10501777062297,-0.07932304444205611,-0.03952457244964967,-0.08405169540290784,-0.07856545640371027,0.231893498840016,0.06654048386513686,0.06845572908510691,-0.04277561658820087,0.001982265770602113,0.013046034123622116,-0.007972603199349112,0.020652454834954134,-0.004623887703720261,0.00563354090990959,0.004778812623136792,-0.01089061878295082,0.0204818694148637,-0.045715019439454836,0.02624469729656262,-0.015801346118107254,-0.023190717802392596,-0.004494774394978215,-0.04413565217338289,-0.03891419965658594,-0.05986142975228118,-0.020586551320023842,-0.020586551319683406
BMI,-0.021492905399955835,-0.07867658197812671,-0.1329606664941373,0.8742726876025951,-0.16015762904392924,0.8149772088626175,0.4221894017399215,1.0,0.6574645219266514,0.08030772312777565,0.05510474348701461,0.14835942972497865,0.20023452877833373,0.13437963162313743,0.2002321836525416,0.013759515662097023,-0.13711117053217836,0.09356036925662642,-0.010605888963078503,0.6392282780718005,0.36615580550602816,0.06628746534744988,0.05990348568395691,0.19106002130415742,-0.1861439946997029,-0.14376332722840576,-0.0905936597568113,-0.0906806300182125,-0.009775739752974098,0.027356616862581593,-0.030027059465238853,-0.23153429215405827,-0.18273085277953616,-0.22776834305276253,-0.11976498920720009,-0.17763831104536829,0.015355592822644145,0.19309833942540153,0.08863715298156298,0.0007042447304625507,0.18851317409682578,0.24084297993791773,0.1474822723036411,0.18150079930709348,0.039838521171487375,0.03007625995803339,0.004207745644888121,0.0603831581070819,-0.17390640392139092,0.048318547391064635,-0.07777307553318036,0.06403929810175146,-0.008618508574092828,0.008284227373881438,0.055649804738656015,-0.07164826850802096,0.05874781124447247,-0.06867543889980257,0.05441527007939502,0.03239730161361944,0.01045101735375128,0.021910957846573164,-0.0780180646697121,-0.029297483920619743,-0.09302766697697865,-0.015596612361439496,-0.015596612356215457
bsa,-0.04295492964215609,-0.13133181460491303,0.02326274803076827,0.9359547106921063,0.630067225183938,0.7375502524863371,0.7140010397877145,0.6574645219266514,1.0,0.08124911893091158,0.1963595263313139,0.19951684007515835,0.1581594579711509,0.1165685396420158,0.15815544642026944,0.02556511849429245,-0.3120257923012566,0.11942543471966298,-0.0554644950502631,0.1888296491079221,0.14465003621337155,0.059777468605297084,0.08110439838771032,0.13965654819655104,-0.045783304726544016,-0.2768723925458436,0.242987030244772,0.24260250766112507,-0.0027900017668422584,-0.02801153050280516,-0.042425235293690425,0.33814823036118813,0.3508477469487504,0.3444541750468148,-0.2159132554525252,-0.24760763356891444,-0.10344084193491715,0.0642728999569816,0.2292921119705654,-0.04405114858073952,-0.005840577003897735,0.020837276780224748,-0.01033485477085697,-0.005207512436546168,0.13169196093658922,0.08864447050091012,0.09013672843281512,0.012808069139019619,-0.06357494481501429,0.0006060200088697876,0.030442563497405827,-0.029781781066992134,-0.053916765365986156,0.054923370168681256,-0.032732111752093646,0.036136182549623586,-0.011270975846604485,-0.02505695556341714,-0.010136149248910643,-0.04155587717926903,-0.02028517800323149,-0.03820177062524759,-0.007415631912217719,-0.02002670081922691,-0.029341410109401916,-0.0680111652825466,-0.0680111652795914
sbp,-0.0012904813473793514,0.33232975211039606,0.03439770594279319,0.08850718423015388,0.02042655861042298,0.13049129995051334,0.14640658679101737,0.08030772312777565,0.08124911893091158,1.0,0.537281988651735,-0.060371417909047646,0.13267461329939978,0.14281279814229494,0.13267352620675818,0.08054730837992548,0.007807707391526102,0.10701292321883117,0.10922687798808595,-0.005968600969923756,0.0047243283326581335,0.1588224260931677,0.06242747398932111,0.18110102202437325,0.08452061490643434,0.045709175414422744,0.08522276268803661,0.08575834476206963,-0.12065312674337773,-0.17779308119333745,-0.002571596274924508,-0.1298398945606762,-0.15925095136904532,-0.13799617947153617,-0.099438701105537,-0.10651570034271438,0.0232211279935364,0.033729779401851685,0.08253562483077354,0.06658317548422603,0.11129205742645593,0.11114077494825685,0.112860858804563,0.11231235259596786,0.24847579931023744,-0.051600117385469275,-0.05599658183324121,-0.09320008551819686,0.052057648059213264,0.026323727906375334,-0.08374285639772587,0.0870857247063172,0.0816829707272571,-0.0814494622837078,0.050917976544542644,-0.08273915546435794,0.09026234387359695,-0.049514124921497274,0.08913982233475191,0.05681242348687144,0.006925778523486107,0.0660866329528264,-0.07029275725810352,-0.04114758682763348,-0.06764723336224328,-0.018642861959453964,-0.018642861962859542
dbp,0.017756596096769703,-0.1195594900368938,0.09376968394584687,0.15224814022700867,0.20098024525348618,0.09539609135425627,0.20597810339588518,0.05510474348701461,0.1963595263313139,0.537281988651735,1.0,0.033675168444176715,-0.026900114737985915,-0.007931542684129942,-0.02690208025990365,0.06878676527695343,-0.07861457351477989,0.05450671282525606,0.049290137739244524,-0.10948396104039566,-0.04551042937287706,0.07598992500880834,0.0869954000243677,-0.029180057630628746,0.03630968043858488,-0.07453170621031692,0.1408943619529033,0.14077454093215025,0.009045163931447673,0.007452805765490767,-0.011086096549881436,0.17254420088664768,0.18010402080057192,0.17914479246095114,-0.0567696440788066,-0.07506192561184745,-0.10120328386891084,0.08809528983337993,0.03284190082116639,-0.09030878401715983,-0.02627923595322954,0.006309414148718804,-0.05279676082535544,-0.03525263829386253,0.20829730501207322,0.0565168490752601,0.06219386216540604,0.01928874347790815,0.003094115931830522,-0.02581164492906924,0.0525206431321445,-0.05761907234390274,-0.06935093380536521,0.07111921912411182,-0.02951719983701535,0.05233568291278548,-0.022382802150527528,-0.018936461467104936,-0.008408452920218206,-0.0635161046066158,-0.01812088109757976,-0.060734144642165984,0.0036596125422350507,0.02493294134220107,0.0013556396140080005,-0.07944398556909947,-0.07944398556796652
abi,-0.003185260912989587,-0.0725094627465695,-0.018707461576481267,0.19216475975852002,0.10547971269344522,0.15989239269452687,0.18941304515732557,0.14835942972497865,0.19951684007515835,-0.060371417909047646,0.033675168444176715,1.0,0.019966985298615344,0.03629595498668933,0.019958424129573635,-0.01744723303536946,-0.1240735173494246,0.043873148940473644,-0.049738920647434494,-0.023222602451953917,0.00211123894314856,-0.002777376867453981,0.012679796851297248,-0.02401074429474878,-0.02632108174633187,-0.09369437570317894,0.05199643377188849,0.0516505186409627,0.0387137611102495,0.029941516742282265,0.002994195631132191,0.07688823200850861,0.1070184765321622,0.09091104273145231,-0.007379603446091402,-0.05289618566461122,-0.0713059183258146,0.01751410602380457,0.03258961964559535,-0.05098153214986337,-0.05077184877470981,-0.037011819848396965,-0.05513207693243079,-0.051144025343221926,0.08800212656022832,0.011752820545358728,0.06443074085531376,-0.017585120032960096,-0.0031653903109082875,-0.04480788542218525,0.04406209733020931,-0.05898873676819682,-0.05644851120974119,0.05732273391990584,-0.008809874638011996,0.0406513565967094,-0.05341259130241324,0.014707542668044015,-0.05025909077442507,-0.07783281767804395,-0.04881501517749744,-0.08341285418908619,0.04683471081692287,0.033806313912629116,0.02194487837412565,-0.02840367192496008,-0.028403671917802128
HbA1c,-0.18753443091169394,0.19999350463528187,-0.050965778421284934,0.18527619397568404,-0.009871807747387442,0.258787156584696,0.2073941867454179,0.20023452877833373,0.1581594579711509,0.13267461329939978,-0.026900114737985915,0.019966985298615344,1.0,0.7724228861232029,0.9999999705241764,0.042765021824315436,-0.11019547178016553,0.20453464142304414,0.0642921804781033,0.08311993911860743,0.14124909716633507,0.0259213789558632,0.06770463571307245,0.10840261097536699,0.101259400511668,-0.08418971937328407,-0.017373556018947807,-0.017252728686362507,-0.007278418045955457,-0.05876733446773903,0.01648731072512659,-0.15570885702734166,-0.1664636607949796,-0.16505354106543543,-0.1395882051704906,-0.15795937575790084,-0.00997037594946975,0.1745357967017478,0.06865581080460353,-0.062142369148590226,0.06661600531974886,0.12662545799906727,0.04797309404757297,0.06469939107387643,0.102332411475338,-0.024651315101389425,-0.04192405921932464,-0.0547928031099808,-0.00260892824435931,0.06439188274339486,-0.09436678541719093,0.1102068814340088,0.07657249647203321,-0.07708179264566171,0.06112165786663713,-0.10366260005686216,0.08705466934023703,-0.05550370946638675,0.08242325914178232,0.10614459899217485,0.05399815396113396,0.0948963515967258,-0.07085394545101743,-0.022473849449459894,-0.06232635065848333,-0.031342799559485816,-0.03134279956055112
FPG,-0.05876756202961781,0.20800631012038046,-0.028289587753034848,0.12957983762347694,0.0033689637584295674,0.18943106434438525,0.18343335165556598,0.13437963162313743,0.1165685396420158,0.14281279814229494,-0.007931542684129942,0.03629595498668933,0.7724228861232029,1.0,0.7724246904206094,0.040511135525931406,-0.098004150002579,0.22099535196657044,0.07196268466443377,0.04449434607058261,0.09916118824815318,0.028108941761069116,0.1061461113341743,0.10671166531525371,0.17182312954031517,-0.09478171924794475,0.006928475448272259,0.006768786564725819,-0.01777062103351521,-0.07133237167289394,0.04849857199047948,-0.13732032931658278,-0.13617791011043182,-0.13824433475575373,-0.10887042065413692,-0.14390610838931758,-0.0016769307952063841,0.1730229241637785,0.07519030242468604,-0.06924547301963918,0.05961845468799574,0.11769545114316181,0.03614974250753401,0.05516712901426879,0.11290232659338968,-0.03384746309008313,-0.02437975809565737,-0.03880491219362075,0.0061791253645589635,0.04692939533787144,-0.08451662196634425,0.09771157591129384,0.08828956977477066,-0.08901583569288597,0.046314656639061175,-0.09055764614631233,0.08691543631482741,-0.0539163295249997,0.07988245358882604,0.10928527947497708,0.04426858968258687,0.1072893111809249,-0.07723293975610164,-0.015102749225881194,-0.046896232875528236,-0.0019095385355593975,-0.0019095385402613893
HbA1cIFCC,-0.18753843334438483,0.1999941639030305,-0.050969020448327865,0.18527224361923994,-0.009874484379036704,0.2587843667415592,0.20739289596620078,0.2002321836525416,0.15815544642026944,0.13267352620675818,-0.02690208025990365,0.019958424129573635,0.9999999705241764,0.7724246904206094,1.0,0.042769392626875714,-0.11018934295707955,0.20453052397640023,0.0642975456016152,0.08312155130353603,0.14124515729907025,0.0259272381344863,0.06770720999618186,0.10840375937401991,0.1012582061124611,-0.08418912921377666,-0.01737513265384487,-0.017253951422486244,-0.007278017142288934,-0.058767854927523726,0.016487212994720484,-0.15571259235539597,-0.1664673032259946,-0.16505746500004287,-0.1395864901204577,-0.15795731906496116,-0.009969705376303248,0.17453913731107457,0.06865775983714256,-0.06214144365124277,0.06661953109480818,0.12662975827073777,0.047976727913879975,0.06470282762363062,0.10233653099112694,-0.024654770495774563,-0.04192930703620194,-0.054785072338495486,-0.0026130878310460155,0.06438955246241071,-0.09437124835820368,0.11021034114213411,0.07657439951532742,-0.07708396991055143,0.061125211718719,-0.1036671478998129,0.08705575344495936,-0.05550538970679789,0.08242471471083708,0.10614782053830273,0.054002423154852236,0.09490040482165014,-0.0708531405894582,-0.02248228741293041,-0.062320602312226206,-0.031341880746981056,-0.03134188074804592
ldl,0.03307016558733865,0.05880085359601858,-0.03344850819500633,0.019596471517299117,0.012404202826269578,0.04030479103964276,0.0620581955608534,0.013759515662097023,0.02556511849429245,0.08054730837992548,0.06878676527695343,-0.01744723303536946,0.042765021824315436,0.040511135525931406,0.042769392626875714,1.0,-0.10409825945480375,0.08106974866022805,0.9189484092142443,0.010221025740006221,-0.059581890907267274,0.00573561261639351,0.07365232936471398,0.03703894965633792,-0.00205427148045858,-0.06118528510241917,0.07838171581321157,0.07906724677446955,-0.07765601173402381,-0.08928509595899817,-0.013940456986933445,0.008718824969837745,0.015290241041555833,0.008466896521289211,0.02598477738386936,0.012885934539947356,0.03056576589892112,-0.002093132884402877,0.015534927940650598,-0.019355678594839863,-0.026638728908133204,-0.026554384950775053,-0.027809445755682154,-0.028512180328568785,0.01777454447588668,-0.0040039186541971986,0.019708811124547337,-0.020220271641130876,-0.0042500952042448205,-0.025756319534852634,0.03268974140531258,-0.04312214838224464,-0.010834048720571093,0.011320859881255302,-0.017030076285953356,0.03662763700447351,-0.03506043784783696,0.02766048084574816,-0.03571008724389841,-0.04246813465221878,-0.014876746425093148,-0.02641929655331018,-0.008107555135731526,0.025722594417913455,-0.031869668010757614,-0.03401608601397201,-0.03401608601244539
hdl,0.03752961844354556,0.13836819677469775,0.02493739426853898,-0.25520756590899557,-0.2555704847063033,-0.22063988966130688,-0.40151634431178573,-0.13711117053217836,-0.3120257923012566,0.007807707391526102,-0.07861457351477989,-0.1240735173494246,-0.11019547178016553,-0.098004150002579,-0.11018934295707955,-0.10409825945480375,1.0,-0.3063074847723102,0.17849539295335334,0.10778445764403982,0.033794931262245,-0.017645300481944872,-0.05675078905549258,-0.07969501413497429,0.07259068213882747,0.4242771536411143,-0.20247745129700195,-0.20242389005004163,-0.021205997780305286,-0.0038644996608258033,0.01521817919112376,-0.21176603291807494,-0.22609427576627666,-0.2169781312191064,0.08810609939258739,0.10960420204603037,0.1020594967060112,0.008116500553582274,-0.03414811972765254,0.08089140622136634,0.11703355041820947,0.1059959958413314,0.11351731888528883,0.11586561889181364,-0.12023877672036189,-0.07818347924373426,-0.07282805733205511,-0.003301463157957209,0.008390312591643315,-0.01375363193716233,-0.04053488229717115,0.04787386527558429,0.0813997909423599,-0.08107419443539954,0.01645800776917845,-0.03596732660985585,0.048695266446207905,-0.006649471797502017,0.04509145346142236,0.051663044068438725,0.003150119852219615,0.06516696602126194,0.01938004185691442,-0.01920906502203016,0.026231475523745832,0.08174851152237386,0.08174851152335237
trigs,-0.04960691307623828,0.13356020598802903,0.06394452047028583,0.11315812354120393,0.04589905604749929,0.17844790457071244,0.24292809382116806,0.09356036925662642,0.11942543471966298,0.10701292321883117,0.05450671282525606,0.043873148940473644,0.20453464142304414,0.22099535196657044,0.20453052397640023,0.08106974866022805,-0.3063074847723102,1.0,0.25921206038044964,0.00017166577843790449,0.07209767223360528,0.10154104289346796,0.15620314680719283,0.2027541507039815,0.13918143631749422,-0.22995851340901435,0.12989286554488264,0.12932031193994567,-0.10052679708470505,-0.13358632725044575,-0.023334502686885396,-0.04044241227094883,-0.03384167857045724,-0.04051189458355579,-0.05068492371907866,-0.08387240391605112,-0.008840509878451907,0.09913854929918405,0.03740475395021794,-0.05137374374252954,0.028023760111243377,0.06067807197364808,0.0059228431569651055,0.02262902606473678,0.1228464859804507,-0.03356248113452459,0.01385760294245891,-0.027059582970570775,0.052392795412096155,0.030074916662901054,-0.01944063963752419,0.010289320607470426,0.03182555616685277,-0.033705450314754935,-0.010119795247052962,-0.009054942593107688,-0.0028094622369061162,0.007645445142364226,-0.011302071901892254,0.04787753109923512,0.03908066845874195,0.0529328094101975,-0.012862357986727215,-0.024552553141045815,-0.04584966114215126,-0.03477328323836889,-0.0347732832422391
totchol,0.028939791057388135,0.1464795024721397,-0.0006143992826182003,-0.042319746201896886,-0.06829356607013048,0.009375264344837528,-0.018689142323639753,-0.010605888963078503,-0.0554644950502631,0.10922687798808595,0.049290137739244524,-0.049738920647434494,0.0642921804781033,0.07196268466443377,0.0642975456016152,0.9189484092142443,0.17849539295335334,0.25921206038044964,1.0,0.04523728300808374,-0.01949849146452807,0.03177884105041794,0.09130612711827811,0.06411726500304528,0.07032205690523517,0.031324142513040186,0.03674704526365655,0.037231139881113956,-0.10805736625248002,-0.12292610724618935,-0.013311142371602382,-0.0824755577990721,-0.07984213108379429,-0.0847973354206272,0.039648429265445206,0.025597420539695572,0.06230870797228235,0.03239734002727903,0.013528668845068622,-0.0060823085540516915,0.025099965028741403,0.031463261141868794,0.01574828303969243,0.02103387261894876,0.0089291035246596,-0.041781899159216665,-0.005970669543887034,-0.02873271311711255,0.013272076459999038,-0.02012122219445502,0.0077683498201219425,-0.017976697275501316,0.029547526530553668,-0.02954427525308666,-0.011276874731006064,0.016207205340993576,-0.014703157692093126,0.02523675235274391,-0.0195040964166009,-0.003935949815950215,0.0004991055606091631,0.016499964628474244,-0.005910708069031385,0.00810721156383463,-0.0354321545157493,-0.018339165111799317,-0.018339165111283813
LEPTIN,0.011415120454971504,-0.00014959028451686776,-0.18493509009135328,0.4072288293238629,-0.40264608575482574,0.46333922537864014,-0.0605254125282537,0.6392282780718005,0.1888296491079221,-0.005968600969923756,-0.10948396104039566,-0.023222602451953917,0.08311993911860743,0.04449434607058261,0.08312155130353603,0.010221025740006221,0.10778445764403982,0.00017166577843790449,0.04523728300808374,1.0,0.36876087356136344,0.020656602077863958,0.05758622954175098,0.27425264106274483,-0.2304084083028262,0.048384922429282363,-0.17469889352439516,-0.17404824615079015,-0.15536939339419073,-0.07512015754900085,0.018583168538136612,-0.457805920044038,-0.4131574673063792,-0.45897356733912736,-0.0629511521053804,-0.1071852918563442,0.10295399102296433,0.17003977170594334,-0.03801228309586185,0.07988642462861716,0.28381000325005246,0.3149486547342182,0.2360500990744389,0.273523399725278,-0.11748647655956072,-0.033184927655314014,-0.05604410807662056,0.07676397077697807,-0.16974284186458205,0.033220474068824134,-0.076523299802543,0.058095109789771046,0.044229442664789516,-0.0451009434548297,0.05020219586655116,-0.06693996157669958,0.06426836354253407,-0.040056250718081284,0.0585060939284683,0.06566668617406518,0.03377392252369359,0.0639082699311808,-0.10845700347845966,-0.05279827566084291,-0.06629250581664921,0.04046165868540618,0.040461658682190475
HSCRP,0.02692554119168826,-0.0015691682649580823,-0.0226157173231652,0.258860521306847,-0.18027421538559374,0.27891198881912377,0.045297004425703426,0.36615580550602816,0.14465003621337155,0.0047243283326581335,-0.04551042937287706,0.00211123894314856,0.14124909716633507,0.09916118824815318,0.14124515729907025,-0.059581890907267274,0.033794931262245,0.07209767223360528,-0.01949849146452807,0.36876087356136344,1.0,0.07662688918861864,0.04598758198131548,0.15529141336889543,-0.015739348015314396,-0.08251184327625723,-0.09810450910876943,-0.09845239403157455,-0.02741265969360548,-0.0011282738814138967,0.001431569389911969,-0.24261683613731774,-0.22086820364024404,-0.24128508718711567,-0.11520605247422813,-0.1439034288594589,0.04019259159837688,0.22233985670194703,-0.01757917619328773,-0.05178706337896683,0.14461336465093214,0.21086505039685316,0.10049226464750734,0.13457661338253474,-0.019955936625483176,-0.01160397251647865,-0.049295038215040755,0.018967718026344883,-0.0903771944886842,0.036517962078008476,-0.05509922152262145,0.04025746927442696,0.027792093557891716,-0.028656299604775604,0.04418647778377456,-0.052255361227263465,0.03551548720439297,-0.014536106269267907,0.027906384534527262,0.021454260065579066,0.003449626246349356,0.018832457702018794,-0.06675621906932697,-0.030965891212052805,-0.07985625432514004,-0.0018859147650760993,-0.0018859147626216148
ENDOTHELIN,0.0331567806615588,0.14634656377433636,0.0702227464713148,0.0684282586131355,0.01756463033630551,0.10803307618315189,0.09125741698705613,0.06628746534744988,0.059777468605297084,0.1588224260931677,0.07598992500880834,-0.002777376867453981,0.0259213789558632,0.028108941761069116,0.0259272381344863,0.00573561261639351,-0.017645300481944872,0.10154104289346796,0.03177884105041794,0.020656602077863958,0.07662688918861864,1.0,0.046809692107126676,0.24210773203420977,0.08553720941884961,-4.562885998323974e-05,0.04736855151136655,0.04743612632944625,-0.03413479158554561,-0.0650603526597981,-0.04880443714893694,-0.08936155805241856,-0.10385354807622307,-0.09034131224573139,-0.12554518256193115,-0.1279506319272442,0.011285188597836384,-0.0204424363664133,0.05383814898799607,0.07514933697162672,0.07667180557702473,0.06273708829648837,0.08403924302625607,0.08030308597520522,0.08337618788131902,0.013935517812058564,-0.00909573861474593,-0.06007492579633798,0.020052003952034273,0.01397409368158052,-0.051413767641684906,0.0528082932123147,0.031512576811477004,-0.03149098089390014,0.033941597093419304,-0.05162892268513562,0.030800693503507733,-0.01357579501959278,0.017389129738920216,0.049630483094085756,0.021162943911842324,0.043441447042563947,-0.04726092991006612,-0.015946944517943866,-0.04640913546338697,-0.06528641236927761,-0.06528641237017146
ALDOSTERONE,-0.0031799028483050504,0.030852166984283228,0.020651989127188145,0.07705779106235441,0.04066864619069352,0.09886762747993559,0.1567044634295794,0.05990348568395691,0.08110439838771032,0.06242747398932111,0.0869954000243677,0.012679796851297248,0.06770463571307245,0.1061461113341743,0.06770720999618186,0.07365232936471398,-0.05675078905549258,0.15620314680719283,0.09130612711827811,0.05758622954175098,0.04598758198131548,0.046809692107126676,1.0,0.2169254120071258,0.21036823142900532,-0.10999754039138245,0.22223579158280055,0.2221325602401308,-0.1942728227381273,-0.201437546304457,0.013409212348627849,-0.01272096337568654,-0.01034874136586199,-0.013665538581142089,-0.05500089838985306,-0.06706228558789429,-0.021870983136624538,0.06686458477189162,0.07331300744463205,0.0025642891659305397,0.05978218407008005,0.0799128025989037,0.0544528417348868,0.05980942928018304,0.11730664938608017,-0.00714924102616963,-0.003027744495836157,-0.008552483566873553,0.05244531537468267,0.03632080251236851,-0.008611184357577946,0.027192571152345236,0.0352672757351512,-0.03422614155156163,0.02358761368366224,-0.020652113154606137,0.023504413646097344,0.00529897891570884,0.0018300269617691877,0.016999049696268247,0.003465649984665178,0.021805321297888383,-0.03554674763122869,-0.05631163326406875,-0.02281486878002925,-0.029071446224959514,-0.02907144622524555
cystatinC,0.010813444739677274,0.3845974088728822,-0.04276843703623601,0.17485526241694635,-0.014198360888206365,0.2518275902389572,0.16446744302981808,0.19106002130415742,0.13965654819655104,0.18110102202437325,-0.029180057630628746,-0.02401074429474878,0.10840261097536699,0.10671166531525371,0.10840375937401991,0.03703894965633792,-0.07969501413497429,0.2027541507039815,0.06411726500304528,0.27425264106274483,0.15529141336889543,0.24210773203420977,0.2169254120071258,1.0,0.08555462484121519,0.04954779375530202,0.5496257317829403,0.5493785477864563,-0.5964180607896189,-0.6333417729521333,-0.021829751966697414,-0.17281830325795347,-0.20858005684982764,-0.1866947156402294,-0.10626230909551505,-0.10942390293894448,0.03160273751188613,0.0025808206000986268,0.09050056735696754,0.09159030495121206,0.11117613365675688,0.10086778065314224,0.12386203246549324,0.11666599817007411,0.12907847971613817,-0.08066987379140036,-0.07355191796748412,-0.14433119923814694,0.09042601690511869,0.05713790380912502,-0.09097697782890535,0.0914888801873941,0.08910174649828409,-0.08958310769235782,0.07144760299478423,-0.09899946625380661,0.0834245452474398,-0.01669400095789064,0.06881345366582999,0.08767067579361651,0.03615574760044857,0.08655226076878828,-0.10492488033238699,-0.10922796884717086,-0.08721161823527582,-0.06699941798358834,-0.06699941798698698
sCort,-0.025811857031986872,0.12858073801974682,0.1795337585621241,-0.11500673978017294,0.1425010876616135,-0.08451738399990039,0.0924533258286929,-0.1861439946997029,-0.045783304726544016,0.08452061490643434,0.03630968043858488,-0.02632108174633187,0.101259400511668,0.17182312954031517,0.1012582061124611,-0.00205427148045858,0.07259068213882747,0.13918143631749422,0.07032205690523517,-0.2304084083028262,-0.015739348015314396,0.08553720941884961,0.21036823142900532,0.08555462484121519,1.0,0.0031032175511210426,0.1955983663353089,0.19561382387032705,-0.05919446260778468,-0.11953341310834935,-0.003840683799488194,0.10056702449354686,0.07121006301698125,0.09676361293680699,-0.03801424722309322,-0.02340366425289648,-0.0012522595181164193,0.06666704874788404,0.0607661979775239,-0.08724072868860583,-0.0746699936190256,-0.039932191911650164,-0.06520413178535332,-0.07276476483390677,0.0845218984698658,-0.006317572442052056,-0.027681777006486854,-0.059608057213148644,0.10570058166240104,-0.0037475414424832957,-0.05701095890980343,0.07023768434122868,0.07849855128405718,-0.07911424025380727,0.0399513212781881,-0.06069928460628286,0.05259638817471555,-0.017742880261870157,0.03794269416645764,0.05570484326700959,0.012851020730970041,0.06809317106680256,-0.0066598635709113835,-0.016988397701528594,-0.00435444614484919,0.0052079744844326335,0.005207974481940578
adiponectin,-0.013067951577113813,0.13602796516247403,-0.024787208108238527,-0.2328873506976084,-0.20648542123018349,-0.2400888531293807,-0.3731583878108276,-0.14376332722840576,-0.2768723925458436,0.045709175414422744,-0.07453170621031692,-0.09369437570317894,-0.08418971937328407,-0.09478171924794475,-0.08418912921377666,-0.06118528510241917,0.4242771536411143,-0.22995851340901435,0.031324142513040186,0.048384922429282363,-0.08251184327625723,-4.562885998323974e-05,-0.10999754039138245,0.04954779375530202,0.0031032175511210426,1.0,-0.10344214619090274,-0.1038199363203966,-0.07985154949045078,-0.06599856971419611,-0.005258218298535317,-0.18214445886559547,-0.18948555598695893,-0.18655739897163315,0.0709850442193343,0.08589935979998081,0.06374399746831327,-0.055255859836208995,-0.058238880185811456,0.09489268998523452,0.07323987035500186,0.04242564965343505,0.0829273053849917,0.0753614884640678,-0.09361794768680616,-0.04126210207094458,-0.05091755267824385,0.00035875090149667366,0.02853373900142627,-0.002415557292536483,-0.03388207528432879,0.016567113367244878,0.06290658502642991,-0.06238800840190697,0.03116988936563244,-0.026128560735552992,0.023072744779157318,0.022557026684128935,0.031683464446003104,0.017632831694283733,0.0062850513685301125,0.03720951514896508,0.026359248917497146,-0.037088083253164185,0.03868188346349922,0.017749184558605715,0.017749184553373737
SCrCC,0.010551293047567096,0.11708867314313752,0.061461266651249714,0.10942121695544679,0.41059173559974843,0.042639289740105765,0.36457348484032626,-0.0905936597568113,0.242987030244772,0.08522276268803661,0.1408943619529033,0.05199643377188849,-0.017373556018947807,0.006928475448272259,-0.01737513265384487,0.07838171581321157,-0.20247745129700195,0.12989286554488264,0.03674704526365655,-0.17469889352439516,-0.09810450910876943,0.04736855151136655,0.22223579158280055,0.5496257317829403,0.1955983663353089,-0.10344214619090274,1.0,0.9996922946250951,-0.7333062890066459,-0.7712880016621517,-0.03004377384882908,0.34353850909894,0.31486113230022356,0.34179400035849133,-0.034944661131699375,-0.03235648498093132,-0.10041829024315772,-0.13319983261918975,0.15430356362989273,-0.019718562399732364,-0.17760633504750492,-0.20588094364202328,-0.12730108488791736,-0.16488804967250031,0.1937948827334704,-0.01485290836930603,0.0441025659964719,-0.12290890848781519,0.1731780162163606,-0.029884521610759274,0.060179627637729854,-0.051345124003537565,-0.02070242049687018,0.02184017771621519,-0.04730961011656244,0.06019870128759822,-0.026154115524308116,0.0267899097378483,-0.01764604380330818,-0.027393404843757702,-0.004453069702222434,-0.014492165958177617,0.02609383519153577,-0.061598828097061485,-0.0019095980915472411,-0.0976079180161011,-0.09760791801988164
SCrIDMS,0.011055854547962476,0.11783938994694698,0.06112417689964816,0.10915928452712728,0.4101161080368649,0.0425534028009628,0.3641690101539895,-0.0906806300182125,0.24260250766112507,0.08575834476206963,0.14077454093215025,0.0516505186409627,-0.017252728686362507,0.006768786564725819,-0.017253951422486244,0.07906724677446955,-0.20242389005004163,0.12932031193994567,0.037231139881113956,-0.17404824615079015,-0.09845239403157455,0.04743612632944625,0.2221325602401308,0.5493785477864563,0.19561382387032705,-0.1038199363203966,0.9996922946250951,1.0,-0.7343942943918897,-0.7731600860156951,-0.02906178589811431,0.3434409591448929,0.31480179980559153,0.34173881184942495,-0.03376817935968215,-0.031198887003000823,-0.10059500874156127,-0.13269457477984747,0.15469511954317333,-0.01951437128006367,-0.17667373755273874,-0.2048465467161998,-0.12661566908418218,-0.16401560780936603,0.19354626312105128,-0.014350369614188329,0.044890242622856964,-0.12306438611458025,0.17304116066287265,-0.030626605999213387,0.06010740724918324,-0.05185027906237983,-0.02155135190877933,0.022671437080025593,-0.04763093605747412,0.06046367763499748,-0.026723221587558882,0.026943067374866833,-0.01797724326053185,-0.02677170822407185,-0.003625059260088071,-0.01441982602860398,0.02642732487317722,-0.06117563846308309,-0.0014212032482567793,-0.09778966371928571,-0.09778966372296487
eGFRmdrd,-0.03979208347401064,-0.4003017061299942,0.11183873846437566,-0.0018737515960272648,0.01586695231811871,-0.02768934506345906,-0.024618833073969955,-0.009775739752974098,-0.0027900017668422584,-0.12065312674337773,0.009045163931447673,0.0387137611102495,-0.007278418045955457,-0.01777062103351521,-0.007278017142288934,-0.07765601173402381,-0.021205997780305286,-0.10052679708470505,-0.10805736625248002,-0.15536939339419073,-0.02741265969360548,-0.03413479158554561,-0.1942728227381273,-0.5964180607896189,-0.05919446260778468,-0.07985154949045078,-0.7333062890066459,-0.7343942943918897,1.0,0.9600617036846686,0.025402175653763324,0.10418978831163096,0.13009378555614323,0.1157337070651895,-0.06377688104714042,-0.054341143037489895,-0.04594522587382542,0.10176078951554182,-0.06418451698848851,-0.12194821676161809,-0.051714861896810384,-0.008316653596233708,-0.08418466959737607,-0.060954132832023826,-0.07424240979360217,0.1119352054125805,0.012229028026828181,0.14146064217292836,-0.13819163092967424,0.015468629997185944,0.0019367319837111637,-0.008226284278767248,-0.04238825480340864,0.042476222241501826,0.017833025278887384,-0.0070512785452372115,-0.01859253357839681,-0.018657742138105025,-0.02494929322967723,-0.045280772165772885,-0.030068453121292044,-0.049066776815024915,0.013987661097340275,0.11188924151826761,0.013595666600014994,0.030135878833533438,0.030135878835203623
eGFRckdepi,-0.0340450276219734,-0.5430905206488205,0.08821067079057134,0.00019532983163673566,-0.05564481589803608,-0.047606953163065666,-0.09803766087719264,0.027356616862581593,-0.02801153050280516,-0.17779308119333745,0.007452805765490767,0.029941516742282265,-0.05876733446773903,-0.07133237167289394,-0.058767854927523726,-0.08928509595899817,-0.0038644996608258033,-0.13358632725044575,-0.12292610724618935,-0.07512015754900085,-0.0011282738814138967,-0.0650603526597981,-0.201437546304457,-0.6333417729521333,-0.11953341310834935,-0.06599856971419611,-0.7712880016621517,-0.7731600860156951,0.9600617036846686,1.0,0.02809604168965381,0.08527022563500355,0.12719077480929758,0.10003634285468097,-0.03943961932918543,-0.027570723294116688,-0.03889791988016601,0.11383887058098308,-0.11156575378705338,-0.13158058555543625,-0.04715077654505701,-0.0012260666071748185,-0.08761579612929557,-0.0594341107027588,-0.12987316050290706,0.12786051389329292,0.020848117666274545,0.1954149114757068,-0.17245091801908974,0.001475185491885609,0.02483190376423241,-0.03410514773447232,-0.0797300159235649,0.07959768011050501,-0.0024792370409100054,0.020754493157046663,-0.04226004637468969,-0.021551387945753175,-0.04418491880234832,-0.0696761032053484,-0.027150353916825912,-0.07394735389872287,0.02543671579932909,0.12124649117701367,0.037213491885394016,0.03235313653969806,0.03235313654291095
maneuvers,-0.005098109636716281,-0.009168942958306524,-0.02858279440901069,-0.04057332178370965,-0.02551640120434481,-0.03376285482373862,-0.0490591378112722,-0.030027059465238853,-0.042425235293690425,-0.002571596274924508,-0.011086096549881436,0.002994195631132191,0.01648731072512659,0.04849857199047948,0.016487212994720484,-0.013940456986933445,0.01521817919112376,-0.023334502686885396,-0.013311142371602382,0.018583168538136612,0.001431569389911969,-0.04880443714893694,0.013409212348627849,-0.021829751966697414,-0.003840683799488194,-0.005258218298535317,-0.03004377384882908,-0.02906178589811431,0.025402175653763324,0.02809604168965381,1.0,0.015336321578269158,0.05137979232255472,0.02365983960959159,0.1130604272605192,0.0603703753980208,0.0060780978615607995,0.012351744791418146,0.024759358954597424,-0.015350808875730086,-0.010123931456201482,-0.002346799904561814,-0.010365657646531646,-0.009863450008423117,0.0196940133603746,-0.030447679959085497,-0.052385382734053534,-0.0027093322482361895,-0.04055207922698782,-0.05265090441266737,-0.011351852405956459,-0.002112720445606709,0.007450440840563605,-0.007971493961144846,0.030372581170722227,-0.016950654596275996,0.01707399903838464,-0.010755838250619692,0.025821040866726257,-0.01733009387366421,-0.034412573086543705,-0.01983466330086483,0.015151642605014094,0.025979173263878923,0.017011820377965982,0.022630683543963435,0.02263068354278096
FVC,0.0077199330670085844,-0.36150410771581526,0.1920043955361678,0.11165276243304402,0.6840885422926253,-0.096895821971369,0.3012841862426739,-0.23153429215405827,0.33814823036118813,-0.1298398945606762,0.17254420088664768,0.07688823200850861,-0.15570885702734166,-0.13732032931658278,-0.15571259235539597,0.008718824969837745,-0.21176603291807494,-0.04044241227094883,-0.0824755577990721,-0.457805920044038,-0.24261683613731774,-0.08936155805241856,-0.01272096337568654,-0.17281830325795347,0.10056702449354686,-0.18214445886559547,0.34353850909894,0.3434409591448929,0.10418978831163096,0.08527022563500355,0.015336321578269158,1.0,0.9176397594497578,0.9887152271412206,0.37109019108417224,0.5053642137479257,-0.12883727048431248,-0.14190639338121178,0.11217349796362526,-0.11238244732617962,-0.2922283527329655,-0.31355755901270965,-0.25813243148586773,-0.2869680571661329,0.021187059302326824,0.12360081159264279,0.11996112512170751,0.05051327875936395,0.08944100175136492,-0.0801458777171423,0.14248927538248377,-0.1484367571315905,-0.1181208328754153,0.11910897901564338,-0.10135800820257063,0.14732302848700551,-0.12553504835074106,0.051589287641977406,-0.10385071750111027,-0.13299958220224323,-0.048949321626970084,-0.12520066699077448,0.14036034599220398,0.09061165641892827,0.10096902148599714,-0.033601118665813674,-0.03360111866678762
FEV1,-0.0015106900361285041,-0.433951543454247,0.1764275544042323,0.14168148346978132,0.6472401604895461,-0.07011786830317071,0.3066820295958951,-0.18273085277953616,0.3508477469487504,-0.15925095136904532,0.18010402080057192,0.1070184765321622,-0.1664636607949796,-0.13617791011043182,-0.1664673032259946,0.015290241041555833,-0.22609427576627666,-0.03384167857045724,-0.07984213108379429,-0.4131574673063792,-0.22086820364024404,-0.10385354807622307,-0.01034874136586199,-0.20858005684982764,0.07121006301698125,-0.18948555598695893,0.31486113230022356,0.31480179980559153,0.13009378555614323,0.12719077480929758,0.05137979232255472,0.9176397594497578,1.0,0.9430666374714985,0.49427168792720694,0.40755457264901374,-0.14140047663384928,-0.11345195641257677,0.08281852599153627,-0.14090424231537985,-0.2981735712817779,-0.30862996256679825,-0.2739905619740435,-0.29571952522127415,0.026685173836574993,0.12189186029404388,0.1134248875372492,0.07156638426706857,0.07346448711171227,-0.09391022434230901,0.16067673774196575,-0.1730532479578586,-0.15455834944987912,0.1552845467411658,-0.11866734594846719,0.1670375345098399,-0.14516915438270006,0.051761455228593115,-0.11797811752579189,-0.15048288470228968,-0.04605641697176308,-0.1487259669842606,0.15032441314809422,0.0940422389979149,0.10043646565858043,-0.055617761703033536,-0.05561776170388191
FEV6,0.008707066856072537,-0.3852810365475778,0.19374513617234784,0.11739371999749362,0.6882672018883867,-0.09437855329276044,0.3068503303960269,-0.22776834305276253,0.3444541750468148,-0.13799617947153617,0.17914479246095114,0.09091104273145231,-0.16505354106543543,-0.13824433475575373,-0.16505746500004287,0.008466896521289211,-0.2169781312191064,-0.04051189458355579,-0.0847973354206272,-0.45897356733912736,-0.24128508718711567,-0.09034131224573139,-0.013665538581142089,-0.1866947156402294,0.09676361293680699,-0.18655739897163315,0.34179400035849133,0.34173881184942495,0.1157337070651895,0.10003634285468097,0.02365983960959159,0.9887152271412206,0.9430666374714985,1.0,0.3913228414805171,0.4797116409989978,-0.1294531753192878,-0.1394729328384766,0.10420250267548851,-0.11649966482890878,-0.29517274932230647,-0.315007120087683,-0.26175361215625864,-0.2898216182248964,0.020447942531500445,0.12623968325243953,0.1224663722675809,0.054072607571193525,0.09092836869744039,-0.08673571443480814,0.15054303644599112,-0.15682997359916545,-0.12703511539567466,0.12791860154084453,-0.10917589926948815,0.155248303961105,-0.13276247084331202,0.054680286246121715,-0.10885849180862478,-0.13520956957543395,-0.04824911374750397,-0.1296971141995077,0.14464031990581502,0.09495975067616429,0.10389268820039474,-0.03694602369214819,-0.03694602369294366
FEV1PP,0.04600987736463628,0.012488125576220485,-0.037381295130033944,-0.19093201689789097,-0.16953697564880715,-0.20201049607896596,-0.19826934760451428,-0.11976498920720009,-0.2159132554525252,-0.099438701105537,-0.0567696440788066,-0.007379603446091402,-0.1395882051704906,-0.10887042065413692,-0.1395864901204577,0.02598477738386936,0.08810609939258739,-0.05068492371907866,0.039648429265445206,-0.0629511521053804,-0.11520605247422813,-0.12554518256193115,-0.05500089838985306,-0.10626230909551505,-0.03801424722309322,0.0709850442193343,-0.034944661131699375,-0.03376817935968215,-0.06377688104714042,-0.03943961932918543,0.1130604272605192,0.37109019108417224,0.49427168792720694,0.3913228414805171,1.0,0.8282505685296072,0.05364827210688328,-0.07509507457937123,-0.055450883051182745,0.013224957341253073,-0.043159206653994635,-0.07100800744448128,-0.04049982152121672,-0.04547659683108526,-0.09131300649708429,-0.03742055290056952,-0.020066968282324356,0.01146451157679357,0.05338341337898456,-0.05486442581339013,0.028600140081131882,-0.05205855980201892,-0.0320966048290459,0.03101111528403008,-0.0246236919286147,0.03559387777808488,-0.04935880275405801,0.032379908398339624,-0.028033696721920753,-0.020552958299707453,-0.0014164974041768615,-0.03692582095397944,0.10486064530144149,0.04876101953533405,0.04976589642040738,0.03281573483973082,0.03281573483901404
FVCPP,0.0577853052649257,-0.013815235535775742,-0.016262169628020504,-0.23532210853689892,-0.14666574616237535,-0.2602866183317156,-0.23325449995995634,-0.17763831104536829,-0.24760763356891444,-0.10651570034271438,-0.07506192561184745,-0.05289618566461122,-0.15795937575790084,-0.14390610838931758,-0.15795731906496116,0.012885934539947356,0.10960420204603037,-0.08387240391605112,0.025597420539695572,-0.1071852918563442,-0.1439034288594589,-0.1279506319272442,-0.06706228558789429,-0.10942390293894448,-0.02340366425289648,0.08589935979998081,-0.03235648498093132,-0.031198887003000823,-0.054341143037489895,-0.027570723294116688,0.0603703753980208,0.5053642137479257,0.40755457264901374,0.4797116409989978,0.8282505685296072,1.0,0.06802367965757515,-0.10371735550275415,-0.04972803630385582,0.030496271763125672,-0.0510564787405081,-0.08861305657488606,-0.039818189556861075,-0.05133222181696824,-0.13710524221308382,-0.013415224064139185,-0.00724766986064787,0.02394756931518221,0.04876088619889126,-0.04001444551656235,0.016050380423138503,-0.03440610983550858,-0.006807171642614282,0.005909199908196618,-0.006704003101371263,0.021121474872628627,-0.03611388731612554,0.029730661246877968,-0.021306779623848523,-0.012126087530781938,-0.004910134092022287,-0.01871593415376322,0.11190039686957616,0.06605854037432214,0.06529189836869904,0.0709476604039588,0.0709476604032423
EF,0.03594104519088258,0.11539323371561702,-0.03637743394661412,-0.059542828682587756,-0.1564483514601294,-0.006164952499242309,-0.07082858417009459,0.015355592822644145,-0.10344084193491715,0.0232211279935364,-0.10120328386891084,-0.0713059183258146,-0.00997037594946975,-0.0016769307952063841,-0.009969705376303248,0.03056576589892112,0.1020594967060112,-0.008840509878451907,0.06230870797228235,0.10295399102296433,0.04019259159837688,0.011285188597836384,-0.021870983136624538,0.03160273751188613,-0.0012522595181164193,0.06374399746831327,-0.10041829024315772,-0.10059500874156127,-0.04594522587382542,-0.03889791988016601,0.0060780978615607995,-0.12883727048431248,-0.14140047663384928,-0.1294531753192878,0.05364827210688328,0.06802367965757515,1.0,-0.04370412798550781,-0.09797100207204754,0.06632359252152951,0.0512470456990145,0.027402913090432423,0.056284099244000595,0.053326210102706405,-0.10602152977085132,-0.022275950109101997,-0.02948916175055296,-0.020773323796983142,-0.031375419884521714,-0.012400805603162736,-0.0627922948697814,0.06597876797010165,0.09005006593607558,-0.09102318350281478,0.04563504986173509,-0.06458188390752882,0.07346551301942138,-0.042265882798981386,0.07673902791821112,0.05636972627735392,0.0012695126264745803,0.09900115396124572,-0.02389600125209156,-0.0014783253886076206,0.025390495518540324,0.19337377800277167,0.19337377800175112
ecgHR,-0.04991597163764084,-0.0745224362112151,-0.0038103354121311046,0.13158837883353142,-0.1147847550264168,0.17565381985859307,0.07349255513463886,0.19309833942540153,0.0642728999569816,0.033729779401851685,0.08809528983337993,0.01751410602380457,0.1745357967017478,0.1730229241637785,0.17453913731107457,-0.002093132884402877,0.008116500553582274,0.09913854929918405,0.03239734002727903,0.17003977170594334,0.22233985670194703,-0.0204424363664133,0.06686458477189162,0.0025808206000986268,0.06666704874788404,-0.055255859836208995,-0.13319983261918975,-0.13269457477984747,0.10176078951554182,0.11383887058098308,0.012351744791418146,-0.14190639338121178,-0.11345195641257677,-0.1394729328384766,-0.07509507457937123,-0.10371735550275415,-0.04370412798550781,1.0,-0.07009824677132895,-0.6614559245242994,0.1145096895459641,0.4717092307120222,-0.11037822021930732,0.054591705219760284,-0.024000815332562736,0.008504496069515916,-0.03202097755388696,0.06813616622310885,-0.12575599058836895,0.01508381768768531,-0.018800462412893845,0.018860555770124604,-0.01640841925500505,0.015715929712052833,-0.0032626910398319223,-0.01227620812139386,0.0320679457391809,-0.04309910627017659,0.03598742006431984,0.015219978828779865,0.02397652542099966,0.010402868333760671,-0.06783524969321371,-0.03830053843490783,-0.07087394877424036,0.015101432543897226,0.01510143254260457
QRS,0.0027561507917597057,0.14512333493908772,0.03097358080389791,0.18188628523247483,0.20988892048285096,0.15509152050556782,0.22970624937179995,0.08863715298156298,0.2292921119705654,0.08253562483077354,0.03284190082116639,0.03258961964559535,0.06865581080460353,0.07519030242468604,0.06865775983714256,0.015534927940650598,-0.03414811972765254,0.03740475395021794,0.013528668845068622,-0.03801228309586185,-0.01757917619328773,0.05383814898799607,0.07331300744463205,0.09050056735696754,0.0607661979775239,-0.058238880185811456,0.15430356362989273,0.15469511954317333,-0.06418451698848851,-0.11156575378705338,0.024759358954597424,0.11217349796362526,0.08281852599153627,0.10420250267548851,-0.055450883051182745,-0.04972803630385582,-0.09797100207204754,-0.07009824677132895,1.0,0.2664371185224375,0.2667583910186001,0.2142477627690089,0.29854508619012227,0.2798230912762666,0.24071491330574063,-0.0355012908067314,-0.0063002379090183296,-0.0678025329664379,0.033810754061328184,0.029788059905939978,-0.013371455401399642,0.026871708722720638,0.04226568174564166,-0.04203717410839593,0.024597284955005246,-0.025730552042437724,0.02519201474806779,-0.00043128600830710237,0.005785017139083642,0.015982801822103734,0.0015643436998698343,0.027604376230504265,-0.014640358949258126,-0.018196562335947162,-0.009533825420842147,-0.007845243272693432,-0.007845243278782854
QT,0.04580210125417343,0.2162182143852674,-0.04733934159131938,-0.030579968618333238,-0.06012606701236445,-0.011043378559736786,-0.10501777062297,0.0007042447304625507,-0.04405114858073952,0.06658317548422603,-0.09030878401715983,-0.05098153214986337,-0.062142369148590226,-0.06924547301963918,-0.06214144365124277,-0.019355678594839863,0.08089140622136634,-0.05137374374252954,-0.0060823085540516915,0.07988642462861716,-0.05178706337896683,0.07514933697162672,0.0025642891659305397,0.09159030495121206,-0.08724072868860583,0.09489268998523452,-0.019718562399732364,-0.01951437128006367,-0.12194821676161809,-0.13158058555543625,-0.015350808875730086,-0.11238244732617962,-0.14090424231537985,-0.11649966482890878,0.013224957341253073,0.030496271763125672,0.06632359252152951,-0.6614559245242994,0.2664371185224375,1.0,0.6481043898782533,0.3342617216473294,0.8176328817419771,0.7032609769874275,0.06765103941143702,-0.054000482846997995,-0.011608934758531959,-0.06099740405968857,0.049675114471532486,0.01596235216353903,-0.035305068454909376,0.034446434026174665,0.06674482094019174,-0.06695239088929393,0.03499610672524602,-0.04142113547589116,0.015332663961440616,0.0185581409522019,0.011108103607917074,0.04389964263375891,-0.001233105703174882,0.04024012338412507,0.0023406261598739107,-0.019078670965988503,0.014833296791241752,-0.010093149943304403,-0.010093149941637335
QTcFram,0.023223464801827104,0.19710458748751167,-0.06925420876682613,0.08161024657059097,-0.20586514273750453,0.1503275545368981,-0.07932304444205611,0.18851317409682578,-0.005840577003897735,0.11129205742645593,-0.02627923595322954,-0.05077184877470981,0.06661600531974886,0.05961845468799574,0.06661953109480818,-0.026638728908133204,0.11703355041820947,0.028023760111243377,0.025099965028741403,0.28381000325005246,0.14461336465093214,0.07667180557702473,0.05978218407008005,0.11117613365675688,-0.0746699936190256,0.07323987035500186,-0.17760633504750492,-0.17667373755273874,-0.051714861896810384,-0.04715077654505701,-0.010123931456201482,-0.2922283527329655,-0.2981735712817779,-0.29517274932230647,-0.043159206653994635,-0.0510564787405081,0.0512470456990145,0.1145096895459641,0.2667583910186001,0.6481043898782533,1.0,0.9261075975500309,0.9483356155196923,0.992613705979956,0.05408732392554982,-0.054081605394499715,-0.04447483365711749,-0.006138030960950468,-0.06820941500570736,0.027378363758846586,-0.05648316124995083,0.05657215656932814,0.06906853663400357,-0.06993968223259547,0.03244387880678737,-0.05537576071911871,0.0445862254604131,-0.013432289537889133,0.04136102720638747,0.06960525634993842,0.024032729432349624,0.06020277528073999,-0.0693322837735915,-0.06863993388061174,-0.054868731243218,0.005689699371359492,0.00568969937385419
QTcBaz,0.0019773227167594913,0.15058570039564323,-0.06273188112473302,0.12336493878679392,-0.22376645606136722,0.20051252550608634,-0.03952457244964967,0.24084297993791773,0.020837276780224748,0.11114077494825685,0.006309414148718804,-0.037011819848396965,0.12662545799906727,0.11769545114316181,0.12662975827073777,-0.026554384950775053,0.1059959958413314,0.06067807197364808,0.031463261141868794,0.3149486547342182,0.21086505039685316,0.06273708829648837,0.0799128025989037,0.10086778065314224,-0.039932191911650164,0.04242564965343505,-0.20588094364202328,-0.2048465467161998,-0.008316653596233708,-0.0012260666071748185,-0.002346799904561814,-0.31355755901270965,-0.30862996256679825,-0.315007120087683,-0.07100800744448128,-0.08861305657488606,0.027402913090432423,0.4717092307120222,0.2142477627690089,0.3342617216473294,0.9261075975500309,1.0,0.8060774099878981,0.9042586703779484,0.04190828452234673,-0.04595192992966917,-0.05110816361159082,0.019180786302241206,-0.10587387859527614,0.03114419627459133,-0.0580718799425588,0.059251562622168,0.055604742506371894,-0.05668132895336949,0.028728506108771656,-0.05576238588052435,0.05291527155685083,-0.028118364442529704,0.05220382508531349,0.0689607237719086,0.029419910265217404,0.059182030719054514,-0.08436452132284925,-0.07389671642366867,-0.0737697730403537,0.01014585087227996,0.010145850873956454
QTcHod,0.023341912599316766,0.22905859814049984,-0.0656851847868487,0.05892168348365602,-0.1678754485303618,0.1185283259388336,-0.08405169540290784,0.1474822723036411,-0.01033485477085697,0.112860858804563,-0.05279676082535544,-0.05513207693243079,0.04797309404757297,0.03614974250753401,0.047976727913879975,-0.027809445755682154,0.11351731888528883,0.0059228431569651055,0.01574828303969243,0.2360500990744389,0.10049226464750734,0.08403924302625607,0.0544528417348868,0.12386203246549324,-0.06520413178535332,0.0829273053849917,-0.12730108488791736,-0.12661566908418218,-0.08418466959737607,-0.08761579612929557,-0.010365657646531646,-0.25813243148586773,-0.2739905619740435,-0.26175361215625864,-0.04049982152121672,-0.039818189556861075,0.056284099244000595,-0.11037822021930732,0.29854508619012227,0.8176328817419771,0.9483356155196923,0.8060774099878981,1.0,0.9751010107129793,0.07153408764256464,-0.06474093570110798,-0.04060219955579919,-0.029716350996428092,-0.028617837258044874,0.03246324013598203,-0.06096590551360803,0.06003416561371231,0.07563976114848096,-0.07648311340040354,0.04307790776137195,-0.0636977520255536,0.04384679901627541,-0.008092424191018202,0.04130914652719706,0.07059690701206175,0.01798036940976849,0.061664188213860584,-0.049764781533112847,-0.055287448135978266,-0.034260427075324805,-0.0018826099893426936,-0.0018826099879198138
QTcFrid,0.023632364671316186,0.2092678039423484,-0.06823797150473726,0.07845931448247659,-0.1969185391366853,0.14497316061973786,-0.07856545640371027,0.18150079930709348,-0.005207512436546168,0.11231235259596786,-0.03525263829386253,-0.051144025343221926,0.06469939107387643,0.05516712901426879,0.06470282762363062,-0.028512180328568785,0.11586561889181364,0.02262902606473678,0.02103387261894876,0.273523399725278,0.13457661338253474,0.08030308597520522,0.05980942928018304,0.11666599817007411,-0.07276476483390677,0.0753614884640678,-0.16488804967250031,-0.16401560780936603,-0.060954132832023826,-0.0594341107027588,-0.009863450008423117,-0.2869680571661329,-0.29571952522127415,-0.2898216182248964,-0.04547659683108526,-0.05133222181696824,0.053326210102706405,0.054591705219760284,0.2798230912762666,0.7032609769874275,0.992613705979956,0.9042586703779484,0.9751010107129793,1.0,0.06124802150362417,-0.05778580096054601,-0.0425246960424052,-0.012336872472479811,-0.05681637834562518,0.02892984335916015,-0.0587588004445,0.058886773404331606,0.0720671903631379,-0.07296284810443443,0.03667785943034296,-0.059477853734836016,0.046076400269431474,-0.012148311914735057,0.0434843084548491,0.07157168060001937,0.021753924626385795,0.062284024640460484,-0.06302119630653018,-0.0649767487959051,-0.04859720042174676,0.0032475762145342747,0.0032475762168112346
CV,-0.035994700972398194,0.13407149799736223,0.04292442126252426,0.09825470928597681,0.12727310674494882,0.09751667238224287,0.231893498840016,0.039838521171487375,0.13169196093658922,0.24847579931023744,0.20829730501207322,0.08800212656022832,0.102332411475338,0.11290232659338968,0.10233653099112694,0.01777454447588668,-0.12023877672036189,0.1228464859804507,0.0089291035246596,-0.11748647655956072,-0.019955936625483176,0.08337618788131902,0.11730664938608017,0.12907847971613817,0.0845218984698658,-0.09361794768680616,0.1937948827334704,0.19354626312105128,-0.07424240979360217,-0.12987316050290706,0.0196940133603746,0.021187059302326824,0.026685173836574993,0.020447942531500445,-0.09131300649708429,-0.13710524221308382,-0.10602152977085132,-0.024000815332562736,0.24071491330574063,0.06765103941143702,0.05408732392554982,0.04190828452234673,0.07153408764256464,0.06124802150362417,1.0,-0.018375146730641476,0.012562793475923484,-0.062239351139981955,0.08639744587296053,0.03948725813384062,-0.007095758088342969,0.03469246872673542,0.010946453248641616,-0.010170224477638672,0.013657724072915092,-0.021317147500928425,0.034715121362139355,-0.02515872927813737,0.03027901566158654,0.015885856121770767,-0.0014550241355826686,0.010743650974134225,-0.031557569159505604,-0.021953795864112863,-0.03473860568752504,-0.09003817115739837,-0.09003817115888897
dailyDiscr,-0.011639305489796222,-0.2025090603663781,0.07461466710936993,0.07252001652338731,0.09014014859815714,0.01698227581224214,0.06654048386513686,0.03007625995803339,0.08864447050091012,-0.051600117385469275,0.0565168490752601,0.011752820545358728,-0.024651315101389425,-0.03384746309008313,-0.024654770495774563,-0.0040039186541971986,-0.07818347924373426,-0.03356248113452459,-0.041781899159216665,-0.033184927655314014,-0.01160397251647865,0.013935517812058564,-0.00714924102616963,-0.08066987379140036,-0.006317572442052056,-0.04126210207094458,-0.01485290836930603,-0.014350369614188329,0.1119352054125805,0.12786051389329292,-0.030447679959085497,0.12360081159264279,0.12189186029404388,0.12623968325243953,-0.03742055290056952,-0.013415224064139185,-0.022275950109101997,0.008504496069515916,-0.0355012908067314,-0.054000482846997995,-0.054081605394499715,-0.04595192992966917,-0.06474093570110798,-0.05778580096054601,-0.018375146730641476,1.0,0.4403310828902168,0.3342211404528398,-0.051856985059419346,-0.034703596700091294,0.013668294128646901,-0.02432924987597497,-0.03136580722322066,0.031444804634589214,-0.028047456899063183,0.0280375556298082,-0.00040954566455438617,-0.033951363675672204,-0.02008354248230439,0.007756000154118159,0.023811764760632712,0.0050101792323716254,0.011743275601504517,0.03094841495025996,0.044653098882934845,0.05049927076162295,0.05049927076204463
lifetimeDiscrm,0.017989475900023037,-0.08508673953913516,0.01617260891618387,0.060898726886720045,0.1157349234217634,0.02236743277893597,0.06845572908510691,0.004207745644888121,0.09013672843281512,-0.05599658183324121,0.06219386216540604,0.06443074085531376,-0.04192405921932464,-0.02437975809565737,-0.04192930703620194,0.019708811124547337,-0.07282805733205511,0.01385760294245891,-0.005970669543887034,-0.05604410807662056,-0.049295038215040755,-0.00909573861474593,-0.003027744495836157,-0.07355191796748412,-0.027681777006486854,-0.05091755267824385,0.0441025659964719,0.044890242622856964,0.012229028026828181,0.020848117666274545,-0.052385382734053534,0.11996112512170751,0.1134248875372492,0.1224663722675809,-0.020066968282324356,-0.00724766986064787,-0.02948916175055296,-0.03202097755388696,-0.0063002379090183296,-0.011608934758531959,-0.04447483365711749,-0.05110816361159082,-0.04060219955579919,-0.0425246960424052,0.012562793475923484,0.4403310828902168,1.0,0.2877305730459706,-0.010809394504014202,-0.018149568656920405,0.0891429744343166,-0.09194528745540256,-0.0708535490170744,0.07012776419415481,-0.10788577256538734,0.10699043010495556,-0.05396799674745705,0.0169843624906799,-0.05541676818369414,-0.015440746474331135,0.027537321831740125,-0.019831694906627763,0.07514128024605815,0.009096088720000067,0.08808072542733958,-0.015125074289479037,-0.015125074291866977
perceivedStress,-0.021772478826659118,-0.29867745148949215,0.0501953721396595,0.038712979219903146,-0.04330603920795744,0.007628059099342563,-0.04277561658820087,0.0603831581070819,0.012808069139019619,-0.09320008551819686,0.01928874347790815,-0.017585120032960096,-0.0547928031099808,-0.03880491219362075,-0.054785072338495486,-0.020220271641130876,-0.003301463157957209,-0.027059582970570775,-0.02873271311711255,0.07676397077697807,0.018967718026344883,-0.06007492579633798,-0.008552483566873553,-0.14433119923814694,-0.059608057213148644,0.00035875090149667366,-0.12290890848781519,-0.12306438611458025,0.14146064217292836,0.1954149114757068,-0.0027093322482361895,0.05051327875936395,0.07156638426706857,0.054072607571193525,0.01146451157679357,0.02394756931518221,-0.020773323796983142,0.06813616622310885,-0.0678025329664379,-0.06099740405968857,-0.006138030960950468,0.019180786302241206,-0.029716350996428092,-0.012336872472479811,-0.062239351139981955,0.3342211404528398,0.2877305730459706,1.0,-0.07252784337240017,0.006490260369874606,-0.0368400110293073,0.028500616719178903,-0.035115535929131705,0.03417627226612019,0.008718995920293017,-0.027124041389366405,0.04175688502580424,-0.08828569689803843,0.03527086604965817,0.043170969363510836,0.04316961799657041,0.04590746603406062,0.024922224031104407,0.11599835968930451,0.08164777530024754,0.06911350325345515,0.069113503252895
vitaminD3,-0.012305377699755668,0.15604377065483355,0.031863580325858155,-0.12227810868984526,0.09451708660578068,-0.12062119129481774,0.001982265770602113,-0.17390640392139092,-0.06357494481501429,0.052057648059213264,0.003094115931830522,-0.0031653903109082875,-0.00260892824435931,0.0061791253645589635,-0.0026130878310460155,-0.0042500952042448205,0.008390312591643315,0.052392795412096155,0.013272076459999038,-0.16974284186458205,-0.0903771944886842,0.020052003952034273,0.05244531537468267,0.09042601690511869,0.10570058166240104,0.02853373900142627,0.1731780162163606,0.17304116066287265,-0.13819163092967424,-0.17245091801908974,-0.04055207922698782,0.08944100175136492,0.07346448711171227,0.09092836869744039,0.05338341337898456,0.04876088619889126,-0.031375419884521714,-0.12575599058836895,0.033810754061328184,0.049675114471532486,-0.06820941500570736,-0.10587387859527614,-0.028617837258044874,-0.05681637834562518,0.08639744587296053,-0.051856985059419346,-0.010809394504014202,-0.07252784337240017,1.0,-0.007105737393448939,0.008050335484120964,0.016965816715858242,0.010963134776811817,-0.009548998409052788,0.01803214210491109,-0.00026858017459443584,-0.007282165769883912,0.008818885755471214,0.002762235047484935,-0.0364671478331171,-0.04440099600157364,-0.019983051282279368,0.13103421225913778,0.02967105955731486,0.10683105421231968,0.0063638121294177915,0.006363812125874888
FakeCensusTractID,-0.00474646908904944,0.06917824283361511,0.015436764707007129,0.023384874369179416,-0.048684147254675875,0.059516569137355375,0.013046034123622116,0.048318547391064635,0.0006060200088697876,0.026323727906375334,-0.02581164492906924,-0.04480788542218525,0.06439188274339486,0.04692939533787144,0.06438955246241071,-0.025756319534852634,-0.01375363193716233,0.030074916662901054,-0.02012122219445502,0.033220474068824134,0.036517962078008476,0.01397409368158052,0.03632080251236851,0.05713790380912502,-0.0037475414424832957,-0.002415557292536483,-0.029884521610759274,-0.030626605999213387,0.015468629997185944,0.001475185491885609,-0.05265090441266737,-0.0801458777171423,-0.09391022434230901,-0.08673571443480814,-0.05486442581339013,-0.04001444551656235,-0.012400805603162736,0.01508381768768531,0.029788059905939978,0.01596235216353903,0.027378363758846586,0.03114419627459133,0.03246324013598203,0.02892984335916015,0.03948725813384062,-0.034703596700091294,-0.018149568656920405,0.006490260369874606,-0.007105737393448939,1.0,-0.31641927556051663,0.3561767801132652,0.08731425458318916,-0.0900303669453908,0.14584198206222224,-0.3191247078576752,0.26292670843841204,-0.16081692236828204,0.18116135173636572,0.3734315699707447,0.27723365867920735,0.2887330855465825,-0.05386958022966974,-0.008492560981369397,-0.04630808172700514,0.011096865298066328,0.011096865296742158
nbmedHHincome,0.025338102629140036,-0.15639186219169643,-0.030429100150085528,-0.016018648822062095,0.11711852413757745,-0.08714808704253166,-0.007972603199349112,-0.07777307553318036,0.030442563497405827,-0.08374285639772587,0.0525206431321445,0.04406209733020931,-0.09436678541719093,-0.08451662196634425,-0.09437124835820368,0.03268974140531258,-0.04053488229717115,-0.01944063963752419,0.0077683498201219425,-0.076523299802543,-0.05509922152262145,-0.051413767641684906,-0.008611184357577946,-0.09097697782890535,-0.05701095890980343,-0.03388207528432879,0.060179627637729854,0.06010740724918324,0.0019367319837111637,0.02483190376423241,-0.011351852405956459,0.14248927538248377,0.16067673774196575,0.15054303644599112,0.028600140081131882,0.016050380423138503,-0.0627922948697814,-0.018800462412893845,-0.013371455401399642,-0.035305068454909376,-0.05648316124995083,-0.0580718799425588,-0.06096590551360803,-0.0587588004445,-0.007095758088342969,0.013668294128646901,0.0891429744343166,-0.0368400110293073,0.008050335484120964,-0.31641927556051663,1.0,-0.8630621683756986,-0.580484243860274,0.5852506953435893,-0.7118294734696503,0.9164107584195552,-0.7555282176513901,0.5306579445903076,-0.7037800375059929,-0.5158130790571119,-0.2181568610142324,-0.5416932792167308,0.14477078321252337,0.022570243679466417,0.11620815465535506,-0.07390148693579741,-0.07390148693275686
nbpctpoverty,-0.02640636881657721,0.18195023934209575,0.032982797602456704,0.010558950516227563,-0.10000829372031304,0.08503100157168435,0.020652454834954134,0.06403929810175146,-0.029781781066992134,0.0870857247063172,-0.05761907234390274,-0.05898873676819682,0.1102068814340088,0.09771157591129384,0.11021034114213411,-0.04312214838224464,0.04787386527558429,0.010289320607470426,-0.017976697275501316,0.058095109789771046,0.04025746927442696,0.0528082932123147,0.027192571152345236,0.0914888801873941,0.07023768434122868,0.016567113367244878,-0.051345124003537565,-0.05185027906237983,-0.008226284278767248,-0.03410514773447232,-0.002112720445606709,-0.1484367571315905,-0.1730532479578586,-0.15682997359916545,-0.05205855980201892,-0.03440610983550858,0.06597876797010165,0.018860555770124604,0.026871708722720638,0.034446434026174665,0.05657215656932814,0.059251562622168,0.06003416561371231,0.058886773404331606,0.03469246872673542,-0.02432924987597497,-0.09194528745540256,0.028500616719178903,0.016965816715858242,0.3561767801132652,-0.8630621683756986,1.0,0.5903708838145011,-0.5955892961216009,0.5946746213769052,-0.8621620480104204,0.7971358049383646,-0.6129267154680577,0.7558405363669114,0.5004916344469037,0.19098346988995174,0.5351582014615592,-0.12192766259870555,-0.031768003314420125,-0.11223298209372841,0.07733776356602955,0.0773377635653273
nbpctBlackNH,0.007175623474035974,0.24538949678634422,0.03287575564860929,-0.038508358052156334,-0.05722073252065103,0.03491275283333922,-0.004623887703720261,-0.008618508574092828,-0.053916765365986156,0.0816829707272571,-0.06935093380536521,-0.05644851120974119,0.07657249647203321,0.08828956977477066,0.07657439951532742,-0.010834048720571093,0.0813997909423599,0.03182555616685277,0.029547526530553668,0.044229442664789516,0.027792093557891716,0.031512576811477004,0.0352672757351512,0.08910174649828409,0.07849855128405718,0.06290658502642991,-0.02070242049687018,-0.02155135190877933,-0.04238825480340864,-0.0797300159235649,0.007450440840563605,-0.1181208328754153,-0.15455834944987912,-0.12703511539567466,-0.0320966048290459,-0.006807171642614282,0.09005006593607558,-0.01640841925500505,0.04226568174564166,0.06674482094019174,0.06906853663400357,0.055604742506371894,0.07563976114848096,0.0720671903631379,0.010946453248641616,-0.03136580722322066,-0.0708535490170744,-0.035115535929131705,0.010963134776811817,0.08731425458318916,-0.580484243860274,0.5903708838145011,1.0,-0.9994710994645566,0.5349568938131272,-0.598663201593324,0.6189893288253353,-0.14356615022908614,0.5554518891896711,0.3273617778826731,0.03253916797071216,0.49749155212240265,-0.07201173440136487,-0.07827309399212695,-0.07689180678189715,0.14214136179323633,0.1421413617921666
nbpctWhiteNH,-0.008246193146982944,-0.24549167918265624,-0.0323459461621245,0.039016991519310484,0.05887507665653652,-0.0352748868108574,0.00563354090990959,0.008284227373881438,0.054923370168681256,-0.0814494622837078,0.07111921912411182,0.05732273391990584,-0.07708179264566171,-0.08901583569288597,-0.07708396991055143,0.011320859881255302,-0.08107419443539954,-0.033705450314754935,-0.02954427525308666,-0.0451009434548297,-0.028656299604775604,-0.03149098089390014,-0.03422614155156163,-0.08958310769235782,-0.07911424025380727,-0.06238800840190697,0.02184017771621519,0.022671437080025593,0.042476222241501826,0.07959768011050501,-0.007971493961144846,0.11910897901564338,0.1552845467411658,0.12791860154084453,0.03101111528403008,0.005909199908196618,-0.09102318350281478,0.015715929712052833,-0.04203717410839593,-0.06695239088929393,-0.06993968223259547,-0.05668132895336949,-0.07648311340040354,-0.07296284810443443,-0.010170224477638672,0.031444804634589214,0.07012776419415481,0.03417627226612019,-0.009548998409052788,-0.0900303669453908,0.5852506953435893,-0.5955892961216009,-0.9994710994645566,1.0,-0.530277434089692,0.6012956483458657,-0.6218931200310605,0.15275191497109358,-0.5598190904140254,-0.33889854271458114,-0.049099381007267184,-0.507706423146036,0.07299381835188776,0.07873153854879023,0.07673734774916059,-0.14211945443105875,-0.14211945442995613
nbSESpc2score,0.0011561970812456414,0.10065755901314566,0.01830643624713312,0.0032771027959450465,-0.09501569833989588,0.060326262907419985,0.004778812623136792,0.055649804738656015,-0.032732111752093646,0.050917976544542644,-0.02951719983701535,-0.008809874638011996,0.06112165786663713,0.046314656639061175,0.061125211718719,-0.017030076285953356,0.01645800776917845,-0.010119795247052962,-0.011276874731006064,0.05020219586655116,0.04418647778377456,0.033941597093419304,0.02358761368366224,0.07144760299478423,0.0399513212781881,0.03116988936563244,-0.04730961011656244,-0.04763093605747412,0.017833025278887384,-0.0024792370409100054,0.030372581170722227,-0.10135800820257063,-0.11866734594846719,-0.10917589926948815,-0.0246236919286147,-0.006704003101371263,0.04563504986173509,-0.0032626910398319223,0.024597284955005246,0.03499610672524602,0.03244387880678737,0.028728506108771656,0.04307790776137195,0.03667785943034296,0.013657724072915092,-0.028047456899063183,-0.10788577256538734,0.008718995920293017,0.01803214210491109,0.14584198206222224,-0.7118294734696503,0.5946746213769052,0.5349568938131272,-0.530277434089692,1.0,-0.8720275397412182,0.6064404585214355,-0.3257675441452327,0.5345803699894885,0.10505645807378948,-0.22576372346620138,0.16047990211638863,-0.09909249098869015,0.0234700612937273,-0.07848123228658901,0.06357585344925644,0.06357585344714517
nbSESanascore,0.0091759707453006,-0.16657807152678056,-0.028781817270745105,-0.00870678450963524,0.1154557964405099,-0.08942577807307862,-0.01089061878295082,-0.07164826850802096,0.036136182549623586,-0.08273915546435794,0.05233568291278548,0.0406513565967094,-0.10366260005686216,-0.09055764614631233,-0.1036671478998129,0.03662763700447351,-0.03596732660985585,-0.009054942593107688,0.016207205340993576,-0.06693996157669958,-0.052255361227263465,-0.05162892268513562,-0.020652113154606137,-0.09899946625380661,-0.06069928460628286,-0.026128560735552992,0.06019870128759822,0.06046367763499748,-0.0070512785452372115,0.020754493157046663,-0.016950654596275996,0.14732302848700551,0.1670375345098399,0.155248303961105,0.03559387777808488,0.021121474872628627,-0.06458188390752882,-0.01227620812139386,-0.025730552042437724,-0.04142113547589116,-0.05537576071911871,-0.05576238588052435,-0.0636977520255536,-0.059477853734836016,-0.021317147500928425,0.0280375556298082,0.10699043010495556,-0.027124041389366405,-0.00026858017459443584,-0.3191247078576752,0.9164107584195552,-0.8621620480104204,-0.598663201593324,0.6012956483458657,-0.8720275397412182,1.0,-0.7860520932026253,0.5210540272236509,-0.7200247174725344,-0.41809578302779155,-0.060887813687656105,-0.4407361757504022,0.13939823680342506,0.0004016237186782087,0.1082069117017416,-0.08101417691324941,-0.0810141769107735
nbProblems,0.010691174351949044,0.16076160239536677,0.03515896765759825,0.018477995741264002,-0.07116035188796763,0.08680336645388817,0.0204818694148637,0.05874781124447247,-0.011270975846604485,0.09026234387359695,-0.022382802150527528,-0.05341259130241324,0.08705466934023703,0.08691543631482741,0.08705575344495936,-0.03506043784783696,0.048695266446207905,-0.0028094622369061162,-0.014703157692093126,0.06426836354253407,0.03551548720439297,0.030800693503507733,0.023504413646097344,0.0834245452474398,0.05259638817471555,0.023072744779157318,-0.026154115524308116,-0.026723221587558882,-0.01859253357839681,-0.04226004637468969,0.01707399903838464,-0.12553504835074106,-0.14516915438270006,-0.13276247084331202,-0.04935880275405801,-0.03611388731612554,0.07346551301942138,0.0320679457391809,0.02519201474806779,0.015332663961440616,0.0445862254604131,0.05291527155685083,0.04384679901627541,0.046076400269431474,0.034715121362139355,-0.00040954566455438617,-0.05396799674745705,0.04175688502580424,-0.007282165769883912,0.26292670843841204,-0.7555282176513901,0.7971358049383646,0.6189893288253353,-0.6218931200310605,0.6064404585214355,-0.7860520932026253,1.0,-0.745272475508752,0.8952922966105675,0.48086327360444286,0.17720412634522872,0.5631024024741127,-0.12293117520825729,-0.03713530712582114,-0.11247595831833038,0.0902199134903216,0.09021991348655836
nbCohesion,-0.006387538603652867,0.000274100816002501,-0.0453279719353843,-0.046462978637590815,0.03773701457426076,-0.07361748004870347,-0.045715019439454836,-0.06867543889980257,-0.02505695556341714,-0.049514124921497274,-0.018936461467104936,0.014707542668044015,-0.05550370946638675,-0.0539163295249997,-0.05550538970679789,0.02766048084574816,-0.006649471797502017,0.007645445142364226,0.02523675235274391,-0.040056250718081284,-0.014536106269267907,-0.01357579501959278,0.00529897891570884,-0.01669400095789064,-0.017742880261870157,0.022557026684128935,0.0267899097378483,0.026943067374866833,-0.018657742138105025,-0.021551387945753175,-0.010755838250619692,0.051589287641977406,0.051761455228593115,0.054680286246121715,0.032379908398339624,0.029730661246877968,-0.042265882798981386,-0.04309910627017659,-0.00043128600830710237,0.0185581409522019,-0.013432289537889133,-0.028118364442529704,-0.008092424191018202,-0.012148311914735057,-0.02515872927813737,-0.033951363675672204,0.0169843624906799,-0.08828569689803843,0.008818885755471214,-0.16081692236828204,0.5306579445903076,-0.6129267154680577,-0.14356615022908614,0.15275191497109358,-0.3257675441452327,0.5210540272236509,-0.745272475508752,1.0,-0.755719212160854,-0.3588149166787429,-0.3337230565005024,-0.4139492195371779,0.10520031275146867,0.005146216762686015,0.06299415829132708,-0.03170671878271723,-0.03170671877784761
nbViolence,0.01254775306844442,0.14021499858160272,0.04036473101312543,0.018799249909843434,-0.06740186320304849,0.07845188886912846,0.02624469729656262,0.05441527007939502,-0.010136149248910643,0.08913982233475191,-0.008408452920218206,-0.05025909077442507,0.08242325914178232,0.07988245358882604,0.08242471471083708,-0.03571008724389841,0.04509145346142236,-0.011302071901892254,-0.0195040964166009,0.0585060939284683,0.027906384534527262,0.017389129738920216,0.0018300269617691877,0.06881345366582999,0.03794269416645764,0.031683464446003104,-0.01764604380330818,-0.01797724326053185,-0.02494929322967723,-0.04418491880234832,0.025821040866726257,-0.10385071750111027,-0.11797811752579189,-0.10885849180862478,-0.028033696721920753,-0.021306779623848523,0.07673902791821112,0.03598742006431984,0.005785017139083642,0.011108103607917074,0.04136102720638747,0.05220382508531349,0.04130914652719706,0.0434843084548491,0.03027901566158654,-0.02008354248230439,-0.05541676818369414,0.03527086604965817,0.002762235047484935,0.18116135173636572,-0.7037800375059929,0.7558405363669114,0.5554518891896711,-0.5598190904140254,0.5345803699894885,-0.7200247174725344,0.8952922966105675,-0.755719212160854,1.0,0.41388030430867717,0.1968126898503705,0.5035432400919754,-0.13200101592136032,-0.04484013062179693,-0.1119757733767637,0.0856543339242942,0.08565433392102681
nbK3FavorFoodstore,-0.03340921508596467,0.18704696550340358,0.04626321512932541,-0.012444037991632403,-0.08691447886392181,0.0565186530582778,-0.015801346118107254,0.03239730161361944,-0.04155587717926903,0.05681242348687144,-0.0635161046066158,-0.07783281767804395,0.10614459899217485,0.10928527947497708,0.10614782053830273,-0.04246813465221878,0.051663044068438725,0.04787753109923512,-0.003935949815950215,0.06566668617406518,0.021454260065579066,0.049630483094085756,0.016999049696268247,0.08767067579361651,0.05570484326700959,0.017632831694283733,-0.027393404843757702,-0.02677170822407185,-0.045280772165772885,-0.0696761032053484,-0.01733009387366421,-0.13299958220224323,-0.15048288470228968,-0.13520956957543395,-0.020552958299707453,-0.012126087530781938,0.05636972627735392,0.015219978828779865,0.015982801822103734,0.04389964263375891,0.06960525634993842,0.0689607237719086,0.07059690701206175,0.07157168060001937,0.015885856121770767,0.007756000154118159,-0.015440746474331135,0.043170969363510836,-0.0364671478331171,0.3734315699707447,-0.5158130790571119,0.5004916344469037,0.3273617778826731,-0.33889854271458114,0.10505645807378948,-0.41809578302779155,0.48086327360444286,-0.3588149166787429,0.41388030430867717,1.0,0.7266102107512079,0.876027614787715,-0.09949415213175247,-0.06644995000145137,-0.08335697201391498,0.04118873796995594,0.04118873796525329
nbK3paFacilities,-0.031643590649118786,0.030931603790921462,0.020825729317218756,-0.007941833054444828,-0.03943261600273007,0.01739232892994854,-0.023190717802392596,0.01045101735375128,-0.02028517800323149,0.006925778523486107,-0.01812088109757976,-0.04881501517749744,0.05399815396113396,0.04426858968258687,0.054002423154852236,-0.014876746425093148,0.003150119852219615,0.03908066845874195,0.0004991055606091631,0.03377392252369359,0.003449626246349356,0.021162943911842324,0.003465649984665178,0.03615574760044857,0.012851020730970041,0.0062850513685301125,-0.004453069702222434,-0.003625059260088071,-0.030068453121292044,-0.027150353916825912,-0.034412573086543705,-0.048949321626970084,-0.04605641697176308,-0.04824911374750397,-0.0014164974041768615,-0.004910134092022287,0.0012695126264745803,0.02397652542099966,0.0015643436998698343,-0.001233105703174882,0.024032729432349624,0.029419910265217404,0.01798036940976849,0.021753924626385795,-0.0014550241355826686,0.023811764760632712,0.027537321831740125,0.04316961799657041,-0.04440099600157364,0.27723365867920735,-0.2181568610142324,0.19098346988995174,0.03253916797071216,-0.049099381007267184,-0.22576372346620138,-0.060887813687656105,0.17720412634522872,-0.3337230565005024,0.1968126898503705,0.7266102107512079,1.0,0.6505102540325272,-0.06004895276918884,-0.06681646766106217,-0.025204429540772826,-0.0630396341280468,-0.06303963413048655
nbPopDensity1mi,-0.005921683655407097,0.18231238748672043,0.03645561663769611,-0.01453837537861171,-0.07243191523845226,0.04114024611664795,-0.004494774394978215,0.021910957846573164,-0.03820177062524759,0.0660866329528264,-0.060734144642165984,-0.08341285418908619,0.0948963515967258,0.1072893111809249,0.09490040482165014,-0.02641929655331018,0.06516696602126194,0.0529328094101975,0.016499964628474244,0.0639082699311808,0.018832457702018794,0.043441447042563947,0.021805321297888383,0.08655226076878828,0.06809317106680256,0.03720951514896508,-0.014492165958177617,-0.01441982602860398,-0.049066776815024915,-0.07394735389872287,-0.01983466330086483,-0.12520066699077448,-0.1487259669842606,-0.1296971141995077,-0.03692582095397944,-0.01871593415376322,0.09900115396124572,0.010402868333760671,0.027604376230504265,0.04024012338412507,0.06020277528073999,0.059182030719054514,0.061664188213860584,0.062284024640460484,0.010743650974134225,0.0050101792323716254,-0.019831694906627763,0.04590746603406062,-0.019983051282279368,0.2887330855465825,-0.5416932792167308,0.5351582014615592,0.49749155212240265,-0.507706423146036,0.16047990211638863,-0.4407361757504022,0.5631024024741127,-0.4139492195371779,0.5035432400919754,0.876027614787715,0.6505102540325272,1.0,-0.08837848949103122,-0.07570095696959932,-0.07329330140287951,0.09258660213242796,0.09258660212589621
sportIndex,0.028262161748134906,-0.11111279741654158,0.019180497121972277,-0.03971510296088482,0.06527659336154687,-0.11347241381501627,-0.04413565217338289,-0.0780180646697121,-0.007415631912217719,-0.07029275725810352,0.0036596125422350507,0.04683471081692287,-0.07085394545101743,-0.07723293975610164,-0.0708531405894582,-0.008107555135731526,0.01938004185691442,-0.012862357986727215,-0.005910708069031385,-0.10845700347845966,-0.06675621906932697,-0.04726092991006612,-0.03554674763122869,-0.10492488033238699,-0.0066598635709113835,0.026359248917497146,0.02609383519153577,0.02642732487317722,0.013987661097340275,0.02543671579932909,0.015151642605014094,0.14036034599220398,0.15032441314809422,0.14464031990581502,0.10486064530144149,0.11190039686957616,-0.02389600125209156,-0.06783524969321371,-0.014640358949258126,0.0023406261598739107,-0.0693322837735915,-0.08436452132284925,-0.049764781533112847,-0.06302119630653018,-0.031557569159505604,0.011743275601504517,0.07514128024605815,0.024922224031104407,0.13103421225913778,-0.05386958022966974,0.14477078321252337,-0.12192766259870555,-0.07201173440136487,0.07299381835188776,-0.09909249098869015,0.13939823680342506,-0.12293117520825729,0.10520031275146867,-0.13200101592136032,-0.09949415213175247,-0.06004895276918884,-0.08837848949103122,1.0,0.17729620614794936,0.42568262844443866,-0.004201458512556616,-0.004201458505479574
hyIndex,0.02463479760376281,-0.14698183290559239,-0.0018406627169780605,-0.029843818954101202,0.0044902944021765236,-0.03660871585651245,-0.03891419965658594,-0.029297483920619743,-0.02002670081922691,-0.04114758682763348,0.02493294134220107,0.033806313912629116,-0.022473849449459894,-0.015102749225881194,-0.02248228741293041,0.025722594417913455,-0.01920906502203016,-0.024552553141045815,0.00810721156383463,-0.05279827566084291,-0.030965891212052805,-0.015946944517943866,-0.05631163326406875,-0.10922796884717086,-0.016988397701528594,-0.037088083253164185,-0.061598828097061485,-0.06117563846308309,0.11188924151826761,0.12124649117701367,0.025979173263878923,0.09061165641892827,0.0940422389979149,0.09495975067616429,0.04876101953533405,0.06605854037432214,-0.0014783253886076206,-0.03830053843490783,-0.018196562335947162,-0.019078670965988503,-0.06863993388061174,-0.07389671642366867,-0.055287448135978266,-0.0649767487959051,-0.021953795864112863,0.03094841495025996,0.009096088720000067,0.11599835968930451,0.02967105955731486,-0.008492560981369397,0.022570243679466417,-0.031768003314420125,-0.07827309399212695,0.07873153854879023,0.0234700612937273,0.0004016237186782087,-0.03713530712582114,0.005146216762686015,-0.04484013062179693,-0.06644995000145137,-0.06681646766106217,-0.07570095696959932,0.17729620614794936,1.0,0.21452630829618613,0.038213395320810764,0.03821339532082111
activeIndex,0.04832630610472643,-0.11146257810216469,-0.01752382020286185,-0.060772419261535884,0.05371577382608864,-0.1107559550839209,-0.05986142975228118,-0.09302766697697865,-0.029341410109401916,-0.06764723336224328,0.0013556396140080005,0.02194487837412565,-0.06232635065848333,-0.046896232875528236,-0.062320602312226206,-0.031869668010757614,0.026231475523745832,-0.04584966114215126,-0.0354321545157493,-0.06629250581664921,-0.07985625432514004,-0.04640913546338697,-0.02281486878002925,-0.08721161823527582,-0.00435444614484919,0.03868188346349922,-0.0019095980915472411,-0.0014212032482567793,0.013595666600014994,0.037213491885394016,0.017011820377965982,0.10096902148599714,0.10043646565858043,0.10389268820039474,0.04976589642040738,0.06529189836869904,0.025390495518540324,-0.07087394877424036,-0.009533825420842147,0.014833296791241752,-0.054868731243218,-0.0737697730403537,-0.034260427075324805,-0.04859720042174676,-0.03473860568752504,0.044653098882934845,0.08808072542733958,0.08164777530024754,0.10683105421231968,-0.04630808172700514,0.11620815465535506,-0.11223298209372841,-0.07689180678189715,0.07673734774916059,-0.07848123228658901,0.1082069117017416,-0.11247595831833038,0.06299415829132708,-0.1119757733767637,-0.08335697201391498,-0.025204429540772826,-0.07329330140287951,0.42568262844443866,0.21452630829618613,1.0,0.04941042830497537,0.04941042830565325
years,0.05965213099104541,0.037469617889274776,-0.011086299279071447,-0.05053864476523231,-0.07440859705832839,-0.020850620066349506,-0.020586551320023842,-0.015596612361439496,-0.0680111652825466,-0.018642861959453964,-0.07944398556909947,-0.02840367192496008,-0.031342799559485816,-0.0019095385355593975,-0.031341880746981056,-0.03401608601397201,0.08174851152237386,-0.03477328323836889,-0.018339165111799317,0.04046165868540618,-0.0018859147650760993,-0.06528641236927761,-0.029071446224959514,-0.06699941798358834,0.0052079744844326335,0.017749184558605715,-0.0976079180161011,-0.09778966371928571,0.030135878833533438,0.03235313653969806,0.022630683543963435,-0.033601118665813674,-0.055617761703033536,-0.03694602369214819,0.03281573483973082,0.0709476604039588,0.19337377800277167,0.015101432543897226,-0.007845243272693432,-0.010093149943304403,0.005689699371359492,0.01014585087227996,-0.0018826099893426936,0.0032475762145342747,-0.09003817115739837,0.05049927076162295,-0.015125074289479037,0.06911350325345515,0.0063638121294177915,0.011096865298066328,-0.07390148693579741,0.07733776356602955,0.14214136179323633,-0.14211945443105875,0.06357585344925644,-0.08101417691324941,0.0902199134903216,-0.03170671878271723,0.0856543339242942,0.04118873796995594,-0.0630396341280468,0.09258660213242796,-0.004201458512556616,0.038213395320810764,0.04941042830497537,1.0,1.0000000000000004
days,0.05965213098988801,0.03746961788712804,-0.011086299282703828,-0.05053864476050746,-0.0744085970600343,-0.020850620060730986,-0.020586551319683406,-0.015596612356215457,-0.0680111652795914,-0.018642861962859542,-0.07944398556796652,-0.028403671917802128,-0.03134279956055112,-0.0019095385402613893,-0.03134188074804592,-0.03401608601244539,0.08174851152335237,-0.0347732832422391,-0.018339165111283813,0.040461658682190475,-0.0018859147626216148,-0.06528641237017146,-0.02907144622524555,-0.06699941798698698,0.005207974481940578,0.017749184553373737,-0.09760791801988164,-0.09778966372296487,0.030135878835203623,0.03235313654291095,0.02263068354278096,-0.03360111866678762,-0.05561776170388191,-0.03694602369294366,0.03281573483901404,0.0709476604032423,0.19337377800175112,0.01510143254260457,-0.007845243278782854,-0.010093149941637335,0.00568969937385419,0.010145850873956454,-0.0018826099879198138,0.0032475762168112346,-0.09003817115888897,0.05049927076204463,-0.015125074291866977,0.069113503252895,0.006363812125874888,0.011096865296742158,-0.07390148693275686,0.0773377635653273,0.1421413617921666,-0.14211945442995613,0.06357585344714517,-0.0810141769107735,0.09021991348655836,-0.03170671877784761,0.08565433392102681,0.04118873796525329,-0.06303963413048655,0.09258660212589621,-0.004201458505479574,0.03821339532082111,0.04941042830565325,1.0000000000000004,1.0
